codprod,descricao,categoria,descricao_manual,updated_at
17072,6FR1Q S/AT JBL SELENIUM PAR DCR 2012/475,Caixa de som,JBL,2026-01-21T18:47:04.899376+00:00
17940,ABAJUR DE MESA ON-LT043,,,2026-01-21T18:47:04.899376+00:00
18577,ABRACADEIRA NYLON ENFORCAGATO BOM-5508,,,2026-01-21T18:47:04.899376+00:00
18578,ABRACADEIRA NYLON ENFORCAGATO BOM-5510,,,2026-01-21T18:47:04.899376+00:00
11141,"ABRACADEIRA NYLON M10 2,5MM X 100MM PRET",,,2026-01-21T18:47:04.899376+00:00
16420,ADAPTADOR CUBO COM FUSIVEL 6 TOMADAS,,,2026-01-21T18:47:04.899376+00:00
8150,ADAPTADOR HDMI M/F 90º  BANHADO DE OURO ,,,2026-01-21T18:47:04.899376+00:00
8183,ADAPTADOR HDMI PARA VGA AUDIO CABO P2?,,,2026-01-21T18:47:04.899376+00:00
13947,ADAPTADOR HDTV FEMEA X MINI MACHO,,,2026-01-21T18:47:04.899376+00:00
13948,ADAPTADOR HDTVMACHO X FEMEA 90 GRAU,,,2026-01-21T18:47:04.899376+00:00
18067,ADAPTADOR LIGHTNING X P2 KP-AD001,,,2026-01-21T18:47:04.899376+00:00
18756,ADAPTADOR LIGHTNING X P2 OR-CC06,,,2026-01-21T18:47:04.899376+00:00
18397,ADAPTADOR PARA SSD M.2 KP-HD850,,,2026-01-21T18:47:04.899376+00:00
18339,ADAPTADOR SWITCH HDMI 3ENT 1 SAI KP-3464,,,2026-01-21T18:47:04.899376+00:00
15666,ADAPTADOR USB CARPLAY SEM FIO IMS-247,,,2026-01-21T18:47:04.899376+00:00
14533,ADAPTADOR USB DUAL BAND 600MBPS 2.4GHZ,,,2026-01-21T18:47:04.899376+00:00
10333,ADAPTADOR USB TYPE C PARA HDMI 4K E 2K L,,,2026-01-21T18:47:04.899376+00:00
11849,ADAPTADOR WIRELESS ANTENA DESTACAVEIS 18,,,2026-01-21T18:47:04.899376+00:00
16465,ADAPTADOR WIRELESS USB 3.0 KP-AW162,,,2026-01-21T18:47:04.899376+00:00
11351,"ALCOOL ISOPROPANOL 99,8% 1000ML IMPLASTE",,,2026-01-21T18:47:04.899376+00:00
10258,"ALCOOL ISOPROPANOL 99,8% 110ML IMPLASTEC",,,2026-01-21T18:47:04.899376+00:00
16631,ALICATE CRIMPAR MULTIFUN RJ11/RJ12 SANTA,,,2026-01-21T18:47:04.899376+00:00
17635,ALICATE CRIMPAR RJ45/RJ11/RJ12 BOM-1713,,,2026-01-21T18:47:04.899376+00:00
14471,ALICATE DE RETENC?O INTERNA BOM-1614,,,2026-01-21T18:47:04.899376+00:00
17945,ALPHA-211 FECHADURA SMART FACIAL,,,2026-01-21T18:47:04.899376+00:00
14822,AMPERIMETRO DIGITAL ALICATE BOM-6004,,,2026-01-21T18:47:04.899376+00:00
14125,AMPERIMETRO DIGITAL MOD ALICATE BOM-6006,,,2026-01-21T18:47:04.899376+00:00
15743,AMPLIFICADOR AUTOMOTIVO 2800W KP-SC505,,,2026-01-21T18:47:04.899376+00:00
16663,ANEL SMARTWATCH REVENGER RG-W74,,,2026-01-21T18:47:04.899376+00:00
14668,ANTENA EXTERNA DIGITAL DTV-1500,,,2026-01-21T18:47:04.899376+00:00
15574,APARELHO DETECTOR DE TENSAO BOM-6401,,,2026-01-21T18:47:04.899376+00:00
15642,APARELHO GRAVAC?O  VIDEO AUDIO KP-CA237,,,2026-01-21T18:47:04.899376+00:00
18304,ASPIRADOR DE PO SEM FIO BOM-7019,,,2026-01-21T18:47:04.899376+00:00
18289,AUXILIAR DEPARTIDA E COMPRESSOR BOM-8910,,,2026-01-21T18:47:04.899376+00:00
15402,BAG DE CELULAR PARA BRAÇO LE-3708,,,2026-01-21T18:47:04.899376+00:00
18390,BALANCA DIGITAL DE MAO ATE10 KG SF-510,,,2026-01-21T18:47:04.899376+00:00
18389,BALANCA DIGITAL DE MAO ATE50KGS STC-01,,,2026-01-21T18:47:04.899376+00:00
10932,"BANDEJA FIXA 19"" X 350MM 4 PONT FIXACAO",,,2026-01-21T18:47:04.899376+00:00
18738,BASE AJUSTAVEL ANTIDERRAPANTE BOM-5901,,,2026-01-21T18:47:04.899376+00:00
17596,BATERIA 12V 5.0AH NOBREAK UNIPOWER,,,2026-01-21T18:47:04.899376+00:00
18513,BATERIA 12V 7.0AH NOBREAK UNIPOWER,,,2026-01-21T18:47:04.899376+00:00
17418,BATERIA 12V ALARME UNIPOWER,,,2026-01-21T18:47:04.899376+00:00
14028,BATERIA MULTI 12V 7.AH NOBREAK EN013,,,2026-01-21T18:47:04.899376+00:00
16297,BATERIA MULTI 12V 9AH M3 BC 129 EN015,,,2026-01-21T18:47:04.899376+00:00
16296,BATERIA MULTI 12V FLEX M3 BC 125 EN012A,,,2026-01-21T18:47:04.899376+00:00
18676,BICICLETA ERGOMETRICA DY-9231,,,2026-01-21T18:47:04.899376+00:00
18185,BICO ALTA PRESSAO P/ MANGUEIRA BOM-7614,,,2026-01-21T18:47:04.899376+00:00
16906,BOB CABO COMUN LAN 4P CAT5E BL 500M PT,,,2026-01-21T18:47:04.899376+00:00
14232,BOB CABO COMUN LAN 4P CAT5E DVBL 305M PT,,,2026-01-21T18:47:04.899376+00:00
14233,BOB CABO COMUN LAN 4P CAT5E DVBL 500M PT,,,2026-01-21T18:47:04.899376+00:00
17990,BOBINA TERMICA MPT-P8080,,,
15790,BOLSA ACONDICIONAR FERRAMENTAS BOM-7704,,,
18553,BOLSA DE FERRAMENTAS BOM-7717,,,
18766,BOMBA ELETRICA D'AGUA ON-TA04,,,
6922,BOTOEIRA DUPLA COM FIO BOT-02 IPEC,,,
17036,BOX-NOTEBOOK ASUS E1504GA-NJ441W I3 4GB,,,
17071,C621B JBL SELENIUM PAR DCR 2012/47507-2,,,
17936,CABE?A C LAMPADA LED BOM - 4008,,,
17935,CABE?A C LAMPADA LED BOM - 4009,,,
18398,CABO ADAPT USB TYPE-C VGA KP-AD121,,,
12215,CABO ADAPTADOR E MOLEX X 2 SATA 45CM D-C,,,
8674,CABO ADAPTADOR USB 3.0 PARA VGA,,,
9837,"CABO AUXLIAR P3 PARA P3 1,5M LE-804B IT",,,
14723,CABO CFTV CAT6 10M LE-314,,,
17564,CABO CFTV CAT6 2M LE-311,,,
16919,CABO CFTV CAT6 3M LE-312,,,
14227,"CABO COAXIAL 100M RF 0,4/2,5 DBL 100M BR",,,
17178,"CABO COAXIAL 100M RF 0,4/2,5 DBL 100M PT",,,
12218,CABO COM CONECTOR DBP E ESPELHO 30CM D-C,,,
14228,CABO COMUN LAN 4 P CAT5E CX 305M PR,,,
14229,CABO COMUN LAN 4 P CAT6  CX 305M AZ,,,
14231,CABO COMUN LAN 4 P CAT6  CX 305M BR,,,
14235,CABO COMUN LAN 4P CAT5E CMCX 305M AZ,,,
14234,CABO COMUN LAN 4P CAT5E CMCX 305M BR,,,
18946,CABO COMUN LAN 4P CAT5E DVBL 305M PT,,,
14687,CABO DADOS CONECTORES USB X USB D-USB01,,,
15686,CABO DADOS CONECTORES USB X USB D-USB02,,,
14351,"CABO DE ALARME 4PX0,5 DVBL 300M PT",,,
12214,CABO DE DADOS E ENERGIA MOLEX X SATA 45S,,,
9967,CABO DE DADOS IOS 60CM 4.8A KAP-307-5G K,,,
18644,CABO DE DADOS IPHONE LE-841P,,,
18645,CABO DE DADOS MICRO USB LE-841V-2,,,
18103,CABO DE DADOS TYPE-C TURBO 1.2M TC-210C,,,
18656,CABO DE FORCA LE-22,,,
8747,"CABO DE FORCA NORMA NOVA COM INMETRO 1,2",,,
18657,CABO DE FORCA PARA COMPUTADOR 1.5M LE-25,,,
13982,"CABO DE FORCA TRIPOLAR ""MICKEY""",,,
7226,"CABO DE IMPRESSORA USB 2.0  1,8M COM FIL",,,
5391,CABO DE IMPRESSORA USB 2.0  3M COM FILTR,,,
6660,CABO DE IMPRESSORA USB 2.0  5M COM FILTR,,,
13188,CABO DE REDE LAN 4P CAT5E CX 305M BRANCO,,,
14024,CABO DE REDE LAN EXPERT 4 PARES C/ 100M,,,
13954,CABO DE REDE LAN EXPERT 4 PARES C/ 305M,,,
17136,CABO DE TIPO-C 65W 1.2M TC-301CC,,,
14683,CABO DE VIDEO VGA X VGA 10M D-5002,,,
18104,CABO DISPLAYPORT P/HDMI 3M MCB-022,,,
8448,CABO DISPLAYPORT PARA VGA,,,
10183,"CABO DVI PARA DVI 1,8M  HIGH SPEED",,,
12217,CABO EXTENSOR SATA D-CIC06 GRASEP?,,,
5951,"CABO EXTENSOR USB 2.0 1,8MTS Y18/Y337006",,,
7180,CABO EXTENSOR USB 2.0 3MTS Y30 DEX,,,
13289,CABO EXTENSOR USB A MACHO PARA USB A FEM,,,
14376,"CABO FLEXIVEL 750V 10,0MM 100M PT 7871",,,
14378,"CABO FLEXIVEL 750V 10,0MM 100M VD 7891",,,
14358,"CABO FLEXIVEL 750V 2,5MM 100M BR 7522",,,
18680,CABO HDMI 1.4 ALTA DEFIN KP-YP51000 1.5M,,,
18679,CABO HDMI 1.4 ALTA DEFIN KP-YP51000 3M,,,
15157,CABO HDMI 10M HDTV 4K 2160P HDTV 2.0V,,,
15559,CABO HDMI 15M HDTV 4K 2160P HDTV 2.0V,,,
13242,CABO HDMI 2.1V 8K FIBRA OPTICA 100M LOTU,,,
13240,CABO HDMI 2.1V 8K FIBRA OPTICA 20M LOTUS,,,
13241,CABO HDMI 2.1V 8K FIBRA OPTICA 60M LOTUS,,,
15158,CABO HDMI 20M HDTV 4K 2160P HDTV 2.0V,,,
16847,CABO HDMI 25M HIGH SPEED PRETO,,,
16848,CABO HDMI 30M E-THINK PRETO,,,
15164,CABO HDMI 3M HDTV 4K 2160P HDTV 2.0V,,,
15558,CABO HDMI 5M HDTV 4K 2160P HDTV 2.0V,,,
15560,"CABO HDMI PARA DVI 1,8M  HIGH SPEED",,,
18196,CABO HDMIXHADMI 1.5M ULTRAHD8K KP-YP5004,,,
10872,CABO LAN CAT5E 4X24 CMX BL 305M PT,,,
6174,CABO LIGHTNING MAGNETICO 2.4A 1M SX-B16I,,,
9932,"CABO MICRO USB DE COURO 1,2M DLC2518CB",,,
8449,CABO MINI DISPLAYPORT PARA HDMI,,,
8451,CABO MINI DISPLAYPORT PARA VGA?,,,
18952,CABO PARA ANTENA STARLINK 5M KA-XL-5M,,,
15772,CABO PARA APLICAÇÃO EM CFTV 4P BR 305M,,,
14295,CABO PARA IMPRESSORA 5M C-50,,,
9743,CABO PARA IPHONE ORIGINAL APPLE - SN,,,
1204,"CABO RCA/RCA  2 SAIDAS 1,2MTS",,,
17387,CABO RJ45 1.5M LE-301,,,
14661,CABO RJ45 15M LE-305,,,
14721,CABO RJ45 20M LE-306,,,
14722,CABO RJ45 30M LE-307,,,
17388,CABO RJ45 3M LE-302,,,
11296,CABO SATA 3.0 SA-04 DEX-SN,,,
12868,CABO SATA 40CM COM TRAVA,,,
12869,CABO SATA 40CM SEM TRAVA,,,
17583,CABO SOLAR 4MM 1KV DC PRETO ROLO 25M,,,
17584,CABO SOLAR 4MM 1KV DC VERMELHO ROLO 25M,,,
14237,CABO ULTRA CFTV 4PX24AWG CCA CX 300M BR,,,
14238,CABO ULTRA CFTV 4PX24AWG CCA CX 300M PT,,,
13287,CABO USB 2.0 USB A MACHO MINI USB V3 2.0,,,
15295,CABO USB 3 EM 1 LIGHTNING/TYPE-C OR-CO05,,,
18343,CABO USB A X TYPE-C P/CELULAR OR-CO22/C,,,
1131,CABO USB PARA SERIAL DP9 PARA IMPRESSORA,,,
10344,CABO USB PARALELO 36PIN USB 2.0 / DB36 L,,,
15267,CABO USB TIPO C 2M 60W IMS-148A IMENSO,,,
15268,CABO USB TIPO C P/ IOS 2M 27W IMS-149A,,,
1534,CABO VGA 15M CBX-MVGA150 EXBOM,,,
9098,CABO VGA 20M FULL HD 1080P 1.4 HIGH SPEE,,,
17984,CADEIRA DE BALANCO RECLINAVEL MCC-P025,,,
16975,CADEIRA ESCRITORIO ERGONOMICA MCC-P019,,,
18268,CADEIRA GAMER ELEMENTS LUNARES CINZA,,,
18269,CADEIRA GAMER ELEMENTS LUNARES PRETO,,,
19058,CADEIRA GAMER ERGONOMICA RG-CDA002,,,
16532,CADEIRA GAMER PRIME-X V2 PRETO/AZUL,,,
16530,CADEIRA GAMER PRIME-X V2 PRETO/VERMELHO,,,
17363,CADERNO BOBBIE GOODS,,,
14137,CAIXA DE FERRAMENTA 12PCS BOM-3902,,,
14136,CAIXA DE FERRAMENTA 7PCS BOM-3901,,,
18095,CAIXA DE SOM 20W RGB BLUETOOTH MTS-6007,,,
13923,"CAIXA DE SOM AQUARIO 250W 8""",,,
13925,CAIXA DE SOM AQUARIO 480W 12'' HP-480,,,
16233,"CAIXA DE SOM AQUARIO 750W 2X8""",,,
13926,CAIXA DE SOM AQUARIO 900W 15'' HP-900,,,
13610,CAIXA DE SOM DUO CIRLCE LED 250W LETRON,,,
15253,CAIXA DE SOM IMS-X35 100W PRETO IMENSO,,,
15258,CAIXA DE SOM IMS-X40 120W PRO IMENSO,,,
15260,CAIXA DE SOM IMS-X45M 20W IMENSO,,,
15261,CAIXA DE SOM IMS-X56 300W IMENSO,,,
15974,CAIXA DE SOM JBL PARTYBOX ULTIMATE,,,
16435,CAIXA DE SOM MULTIMIDIA 2.0 KP-RO843,,,
18065,CAIXA DE SOM MULTIMIDIA SPEAKER KP-RO842,,,
15679,CAIXA DE SOM PORTATIL D-G120,,,
15684,CAIXA DE SOM PORTATIL D-K595,,,
12197,CAIXA DE SOM SOUNDBAR 12W C/ LED KP-6040,,,
14847,CAIXA DE SOM SUBWOOFER GAMER SS9800,,,
13839,CAIXA DE SOM TOMATE MTS-8001 80W,,,
13841,CAIXA DE SOM TOMATE MTS-8003,,,
13843,CAIXA DE SOM TOMATE MTS-8006 100W,,,
18865,CAIXA DE SOM VIBESOUND V7 PARTY 1800W,,,
17575,CAIXA METALICA MINI FINE PRETO C/2CHAVES,,,
3431,CAIXA SOBREPOR/CFTV QUADRADA BR,,,
18106,CALCULADORA ELETRONICA 12DIGITOS AK-J027,,,
17985,CALCULADORA ELETRONICA AK-J039,,,
14801,CAMERA ANALOGICA UAC-P112-AF40-W,,,
3206,CAMERA DE SEGURANCA  SPEED DOME,,,
18024,CAMERA DE SEGURANCA 2MP 1080P SIGMA-4722,,,
18029,CAMERA DE SEGURANCA 2MP 1080P SIGMA-4723,,,
18871,CAMERA DE SEGURANCA PTZ SIGMA-1330,,,
13861,CAMERA DE SEGURANCA TECH IPC2122LB-SF,,,
13863,CAMERA DE SEGURANCA TECH IPC2122LE-AF,,,
13865,CAMERA DE SEGURANCA TECH IPC2322LB-ADZK,,,
13864,CAMERA DE SEGURANCA TECH IPC2322SB-DZK,,,
13862,CAMERA DE SEGURANCA TECH IPC3612LB-AF28,,,
13853,CAMERA DE SEGURANCA TECHNOLOGY B112-F28W,,,
13857,CAMERA DE SEGURANCA TECHNOLOGY T112-F28,,,
13856,CAMERA DE SEGURANCA TECHNOLOGY T115-F28,,,
13855,CAMERA DE SEGURANCA TECHNOLOGY T122-AF28,,,
13858,CAMERA DE SEGURANCA TECHNOLOGY T132-F28,,,
11042,CAMERA DOME 2.8MM IP66 MTADH022601 MOTOR,,,
5018,CAMERA DOME 4 EM 1 1080P FULL HD 2.8MM P,,,
7336,CAMERA DOME 4 EM 1 1080P FULL MTD202M,,,
5105,CAMERA DOME MET GS0056 SONY SUPER STARVI,,,
13703,CAMERA IP 3 ANTENAS 5DBI KP-CA204 KNUP,,,
13472,CAMERA IP BULLET 2MP FULL COLOR MOTOROLA,,,
7167,CAMERA IP DOME METAL GIGA GS0150,,,
14965,CAMERA IP WIRELESS 2 ANT. 5DBI KP-CA209,,,
18150,CAMERA IP WIRELESS 3 ANT. 5DBI KP-CA127,,,
18333,CAMERA IP WIRELESS 5DBI KP-CA210,,,
18374,CAMERA IP WIRELESS KP-CA200,,,
14112,CAMERA IP WIRELESS KP-CA207,,,
13854,CAMERA SEGURANCA TECHNOLOGY B122-AF28LM,,,
7907,CAMERA SMART NUVEM EXTERNA 1080P FULL HD,,,
1000,CAMERA SPEED DOME IR HD CLEAR - OSD,,,
5005,"CAMERA SPEED DOME POE PTZ 5"" IP METAL 2M",,,
11306,CAMERA WI-FI IP 2MP FULL HD MDY2000 MOTO,,,
16586,CAMPAINHA INTELIGENTE EXTERN SIGMA-P1103,,,
18079,CAMPAINHA SEM FIO 100M KP-CA321,,,
17361,CANETA COLORIDA 24PCS,,,
17362,CANETA COLORIDA 48PCS,,,
17359,CANETA COLORIDA 80PCS,,,
16461,CANETA DETECTORA NOTAS FALSAS MYC-02,,,
18119,CANETA UNIVERSAL,,,
15067,CANIVETE PARA PESCA E CAÇA YF-014 LUATEK,,,
15069,CANIVETE PARA PESCA E CAÇA YF-015 LUATEK,,,
16299,CARREGADOR DE VIAGEM LE-230FC,,,
18640,CARREGADOR DE VIAGEM LE-232FC,,,
14856,CARREGADOR DE VIAGEM LE-251,,,
12690,CARREGADOR INTELIGENTE MULTIFUNCIONAL 2,,,
14337,CARREGADOR P/ 4 PILHAS AA/ AAA KP-512,,,
16741,CARREGADOR PARA CELULAR 65W TT-6531,,,
18759,CARREGADOR PARA NETEBOOK KP-536,,,
18385,CARREGADOR POWERBANK 10000MAH PN-951,,,
15269,CARREGADOR SEM FIO TYPE-C IMS-227 IMENSO,,,
15270,CARREGADOR SEM FIO TYPE-C IMS-228 IMENSO,,,
18755,CARREGADOR SMART CHARGER OR-IC033/M,,,
15721,CARREGADOR SMART USBC/LIGHTNI OR-IC027/I,,,
12772,CARREGADOR VEICULAR IOS LELONG LE-528P,,,
12768,CARREGADOR VEICULAR MICRO USB LE-525V,,,
18330,CARTAO DE MEMORIA 128 GB SIGMA-C3128,,,
15727,CARTAO DE MEMORIA MICRO SD 256G LB-SD256,,,
1335,CARTAO VIRGEM PARA CNPJ GEMALTO CODG259,,,
14334,CARTELA C/ 4 PILHAS ALCALINAS KP-4900AA,,,
14664,CARTELA C/ 4 PILHAS ALCALINAS KP-4900AAA,,,
17518,CARTELA C/2 PILHAS RECAR 1.2V KP-2800AAA,,,
17517,CARTELA C/2 PILHAS RECARR 1.2V KP-2800AA,,,
16051,CARTELA COM 1BATERIA ALCALINA 9V KP-AK9V,,,
1043,CARTUCHO DE TINTA COMPAT 122XL CH564H CO,,,
15735,"CASE 3,5 HD SATA USB 2.0 KNUP KP-HD002",,,
16354,CASE BMW CARBON TRICOLOR BLACK 16 PRO,,,
15941,CASE BMW LEATHER BLACK STAM 15 PRO MAX,,,
17939,CASE CONEXAO INTERNA SATA KP-HD823,,,
16404,CASE GUESS OCEAN CRYSTAL 16,,,
16405,CASE GUESS OCEAN CRYSTAL 16 PRO,,,
15659,"CASE HD P/ NOTEBOOK 2.5"" USB 2.0 HAOQUI",,,
16127,"CASE HD P/ NOTEBOOK 2.5"" USB 3.0 HAOQUI",,,
15934,CASE MERCEDES ESSENTIAL BLACK 15 PRO MAX,,,
7303,CASE PARA HD EXTERNO USB 3.0 SATA 3.5 DX,,,
13383,CATRACA IDBLOCK PRETA FACIAL IDBLOCK/PT/,,,
14688,CELULAR DE MESA 4G DUAL SIM CA-42SX4G,,,
14043,CELULAR MULTI FLIP VITA 4G P9227,,,
16701,CELULAR VITA 4G PRETO P9225,,,
17407,CELULAR ZAPP II PRETO OBAPHONE OB057,,,
6924,CENTRAL MAX 4 - P3000 SMD P3000-BLUE IPE,,,
18704,CHAVE AJUSTAVEL 6 POLEGADAS BOM-1284,,,
18543,CHAVE AJUSTAVEL 8 POLEGADAS BOM-1281,,,
18544,CHAVE AJUSTAVEL 8 POLEGADAS BOM-1282,,,
18545,CHAVE CATRACA 1/4 POLEGADA BOM-1299,,,
18705,CHAVE CATRACA 3/8 POLEGADA BOM-1298,,,
18701,CHAVE CRUZETA 12/13/14/17MM BOM-1208,,,
18576,CHAVE DE APERTO MANDRIL 1/2 BOM-5023,,,
18734,CHAVE DE APERTO MANDRIL 3/8 BOM-5013,,,
18735,CHAVE DE APERTO MANDRIL 5/8 BOM-5015,,,
18549,CHAVE DE FENDA ELETRICA  BOM-9913,,,
18542,CHAVE DE FENDA PHILLIPS 3/16.4 BOM-1121,,,
18080,CHAVE DE GRIFO 14 POLEGADAS BOM-1290,,,
14130,CHAVE DE SOQUETE UNIVERSAL BOM-1201,,,
14008,CHAVE FENDA ELETRICA 12 PONTAS BOM-9911,,,
14151,CHAVE FENDA ELETRICA 12 PONTAS BOM-9911,,,
18670,CHAVE FENDA1/4DUPLA MAGNETICA BOM-1140,,,
11140,CHAVE MULTIFUNCAO FENDA/PHILIPS/ALLEN PR,,,
18698,"CHAVE PHILLIPS 1/4*4"" BOM-1122",,,
18700,"CHAVE PHILLIPS 1/4*4"" BOM-1143",,,
18699,"CHAVE PHILLIPS 3/3*16*4"" BOM-1142",,,
18703,CHAVE SOQUETES NINJA 12X14X17MM BOM-1225,,,
18702,CHAVE SOQUETES NINJA 8X10X12MM BOM-1224,,,
18413,COLETOR DE PO COM NIVEL A LASER BOM-6214,,,
15677,COMP. ALL IN ONE I5-6200U/8GB D-AI07,,,
18123,"COMP. ALL IN ONE MAXIMUS 21,5"" G-AI02",,,
14289,"COMP. ALL IN ONE MAXIMUS 21,5"" I5 D-AI04",,,
18417,COMPRESSOR PORTAIL VEICULAR BOM-8909,,,
17437,"COMPUTADOR ALL IN ONE 23,8"" HAOQING H81",,,
17681,"COMPUTADOR ALL IN ONE A24E99-03 23,8""",,,
18991,COMPUTADOR ALL IN ONE D-AI02,,,
18992,COMPUTADOR ALL IN ONE D-AI11,,,
16312,COMPUTADOR I3-13100 DRR4 16GB NVME 256GB,,,
19005,COMPUTADOR I5-3470 DDR38GB256GB D-PC5301,,,
18404,COMPUTADOR I5-3470 DRR3 8GB SSD 240GB,,,
19006,COMPUTADOR I5-4570 DRR38GB256GB D-PC5401,,,
19007,COMPUTADOR I5-5300U 8GBDR3256GB D-PC5501,,,
17993,COMPUTADOR I5-7300HQ  32GB SSD 1TB,,,
18650,COMPUTADOR I5-8600 DRR4 8GB SSD 240GB,,,
18773,COMPUTADOR I7-3770 DRR3 8GB SSD 240GB,,,
18895,COMPUTADOR R5 5500 DRR4 16GB SSD 512GB,,,
12220,CONECTOR DO USB 2.0 DO CUBO DE USB DE 9,,,
11156,CONECTOR MACHO PLUG RJ45 CAT5E EZ CRIMP,,,
11161,CONECTOR MACHO PLUG RJ45 CAT6 BLINDADO E,,,
11158,CONECTOR MACHO PLUG RJ45 CAT6 DE PASSAGE,,,
11160,CONECTOR MACHO PLUG RJ45 CAT6 DE PASSAGE,,,
17747,CONECTOR P2 LE-0154,,,
8303,CONECTOR P4 MACHO12V DC LT-5521 LOTUS -,,,
9757,CONECTOR PARA CABO DC FEMEA LE5504 -SN,,,
16950,CONECTOR RJ45 CAT5E BLINDADO PACK 10UN,,,
4962,CONECTOR RJ45 CAT5E COM 100 UNID CONT-RJ,,,
16948,CONECTOR RJ45 CAT5E PACK 10UN MEGATRON,,,
10339,CONECTOR RJ45 CAT6 COM 100 UNID. DEX -SN,,,
16952,CONECTOR RJ45 CAT6 PACK 10UN MEGATRON,,,
16953,CONECTOR RJ45 CAT6 POTE 100UN MEGATRON,,,
16736,CONJ CHAVES SOQUETES BOM-3912,,,
14155,CONJUNTO 25 PONTAS ESPECIAIS BOM-3107,,,
14477,CONJUNTO CHAVE TORK 36 PCS BOM-3109,,,
16936,CONJUNTO DE CHAVES SOQUETES BOM-3911,,,
17601,CONTROLE DE JOGOS COM FIO KP-GM037,,,
17602,CONTROLE DE JOGOS USBXPC S/FIO KP-GM018,,,
13834,CONTROLE DE PC E XBOX360 KP-GM033,,,
13693,CONTROLE JOYSTICK XBOX PC PG-9021S,,,
13835,CONTROLE PARA VIDEO GAME KP-GM034,,,
16996,CONTROLE REMOTO AIR MOUSE LE-7716,,,
18643,CONTROLE REMOTO LE-7737,,,
18659,CONTROLE REMOTO UNIVERSAL LE-7384,,,
18653,CONTROLE REMOTO UNIVERSAL LE-7459,,,
14601,CONTROLE REMOTO UNIVERSAL LE-7490-2,,,
18647,CONTROLE REMOTO UNIVERSAL P/LG LE-7386,,,
18648,CONTROLE REMOTO UNIVERSAL PHILCO LE-7391,,,
18652,CONTROLE REMOTO UNIVERSAL ROKU LE-7394,,,
18646,CONTROLE UNIVERSAL TV SAMSUNG LE-7385,,,
8153,CONVERSOR AUDIO DIGITAL ANALOGIC KP3463,,,
14338,CONVERSOR DE FIBRA OPTICA KP-AD146,,,
15118,CONVERSOR DE FIBRA OPTICA KP-AD147,,,
17152,CONVERSOR GRAVADOR DIGITAL MCD-888,,,
17946,COOLER BASE NOTEBOOK GAMER DELTA-B1142G,,,
17041,COOLER DUEX 115X DX C1,,,
12064,COOLER FAN GABINETE E CPU KP-VR332  KNUP,,,
13986,COOLER G-VR300 KNUP,,,
16123,COOLER G-VR303 REVENGER UNIVERSAL,,,
15507,COOLER G-VR348 KNUP UNIVERSAL,,,
15725,COOLER G-VR349 KNUP UNIVERSAL,,,
12133,COOLER GABINETE E CPU C/ ED RGB KP-VR329,,,
16035,COOLER PARA PROCESSADOR CPU RGB G-VR120,,,
18299,COOLER PARA PROCESSADOR G-VR353,,,
18226,COOLER RGB 120MM  DELTA-C1261B,,,
18225,COOLER RGB 120MM  DELTA-C1261P,,,
17410,COOLER UNIVERSAL CL1480W 65W INTEL,,,
14080,COPO C/ TAMPA AWP2654PK PHILIPS,,,
12687,COPO DE AGUA ESPORTIVA 450ML AK-2016,,,
13984,COPO MIXER PARA SUCO MAZ-009 TOMATE,,,
12678,COPO PLASTICO ESPORTIVA 400ML AK-2013,,,
11733,COPO TERMICO PARA LONG NECK / LATA  1? L,,,
18449,"CORRENTE PARA MOTOSERRA 4"" BOM-5620",,,
9257,CTO DUPLA TRAVA 16 ASSINANTES,,,
18261,"CX CABO DE ALARME 2PX0,5 100M BR",,,
17954,DELTA-M3220A PRO MONITOR GAMER 32P,,,
17953,DELTA-M3240A PRO MONITOR GAMER 32P,,,
17952,DELTA-M3820AUC PRO MONITOR GAMER 38P,,,
14414,DIFUSOR DE AROMAS  KP-UM607,,,
13252,DRIVE LEITOR/GRAVADOR DVD KP-LE301,,,
18709,DUCHA FLEXIVEL 1.2M BOM-2172,,,
18287,E-ABRACADEIRA NYLON ENFORCAGATO BOM-5510,,,
17051,E-FITA AMARELA 300M BOM-1339,,,
18974,E-FONTE DE ALIMENTACAO 12V BOM-5590,,,
19009,E-PLACA MAE DESK 1151 DDR4 G-B250 KNUP,,,
17841,E-SOPRADOR DE AR A GASOLINA BOM-9206,,,
1217,EMENDA DE PLASTICO PARA RJ45 DEX COM 10,,,
13749,EMENDA DE PLASTICO PARA RJ45 DEX UNITARI,,,
17401,ESCADA ALUMINIO EXTENSIVA BOM-2801,,,
17402,ESCADA ALUMINIO EXTENSIVA BOM-2802,,,
17403,ESCADA TELESCOPICA TIPO A 2.6M BOM-2803,,,
18768,ESCORREDOR DE LOUCAS ON-SM009,,,
17190,ESCOVA DE SILICONE C/SUPORTE BOM-2504,,,
15546,ESCOVA SANITARIA INOX BOM-2503,,,
15792,ESGUICHO PARA MANGUEIRA PISTOLA BOM-7607,,,
17590,ESMERILHADEIRA ANGULAR 850W BOM-9551,,,
17712,ESMERILHADEIRA ANGULAR 850W BOM-9552,,,
14512,ESTABILIZAD. POWEREST 500VA MO 115V 9114,,,
12517,ESTABILIZADOR  ES-1050VA BIVOLT AUTOMATI,,,
11206,ESTABILIZADOR 300VA BEM LIGADO  MONO 115,,,
12481,ESTABILIZADOR 500VA  BEM LIGADO BIVOLT 1,,,
12479,ESTABILIZADOR 500VA  BEM LIGADO MONO,,,
14859,ESTABILIZADOR DE CAMERA LE-3903,,,
16849,ESTABILIZADOR ES-1500VA BIV AUT 115V 5T,,,
17205,ESTABILIZADOR ES-500VA BM 115V BEM LIGAD,,,
10300,ESTABILIZADOR POWEREST 1000VA BIVOL 9007,,,
10301,ESTABILIZADOR POWEREST 2000VA BVOLT 9011,,,
16777,ESTABILIZADOR POWEREST 2500VA BVOLT 9013,,,
14509,ESTABILIZADOR POWEREST 300VA MONO 9100,,,
16778,ESTABILIZADOR POWEREST 500VA BIV 9116,,,
19042,ESTABILIZADOR REVOLUTION SPEEDY 300VA,,,
18713,ESTILETE BISTURI DE PRECISAO BOM-3307,,,
18445,ESTILETE BOM-3303,,,
17519,"ESTRUTURA SOLO TERCAS 4,8M GALVANIZADO",,,
10267,ETIQUETA WINDOWS 10 PRO  FQC-08932,,,
11020,ETIQUETA WINDOWS 10 PRO FQC-08929,,,
11228,ETIQUETA WINDOWS 11 PRO COA,,,
12349,ETIQUETA WINDOWS 11 PRO FQC-10520 OEM,,,
16549,EXTENSOR HDMI 60M 1080P KP-3470,,,
13036,EXTENSOR HDMI 60M VIA REDE RJ-45,,,
15042,FACA PARA PESCA E CACA LUATEK SLK-H05,,,
15048,FACA PARA PESCA E CACA LUATEK SLK-H18,,,
15049,FACA PARA PESCA E CACA LUATEK SLK-H24,,,
15050,FACA PARA PESCA E CACA LUATEK SLK-H26,,,
15039,FACA PARA PESCA E CACA LUATEK SLK-H36,,,
14991,FACA PARA PESCA E CACA LUATEK SLK-K20,,,
18409,FELTRO AUTOADESIVOS QUADRADOS BOM-1333,,,
18408,FELTRO AUTOADESIVOS REDONDOS BOM-1332,,,
18410,FILME STRETCH 5CM 2KG BOM-1344,,,
18456,FILTRO DE LINHA 3 TOM PR PP CIRCULAR,,,
18455,FILTRO DE LINHA 4 TOM BR PP CIRCULAR,,,
18454,FILTRO DE LINHA 4 TOM PR PP CIRCULAR,,,
18452,FILTRO DE LINHA 5 TOM PR PP CIRCULAR,,,
18453,FILTRO DE LINHA 6 TOM PR PP CIRCULAR,,,
15971,FILTRO DE LINHA 6 TOMADAS 3M SL7606-3M,,,
15970,FILTRO DE LINHA 6 TOMADAS 5M SL7606-5M,,,
17381,FILTRO DE LINHA 7TOMADAS +2USB  KA-7021,,,
13726,FILTRO DE LINHA 8 TOMADAS FL-82BK CLK,,,
10600,FILTRO DE LINHA MULTILASER 6 TOMADAS PRE,,,
16761,FILTRO DE LINHA+ PROTETOR 6 TOM 554,,,
13628,FILTRO DE LINHA+ PROTETOR 8 TOM TS SHARA,,,
18737,FIO DE SOLDA BOM-5552,,,
18564,FITA ACRILICA DUPLA FACE BOM-1320,,,
18546,FITA ADESIVA BOM-1304,,,
18422,FITA ADESIVA BOM-1326,,,
14461,FITA DE ESPUMA PARA AUTOMOVEIS BOM-1315,,,
18707,FITA DE PROTECAO DE QUINA BOM-1390,,,
14458,FITA REFLETIVA BOM-1311,,,
18706,FITA VEDACAO P/ PORTAS E JANELA BOM-1342,,,
14854,FONE DE OUVIDO CAPACETE MOTO LE-2473,,,
14853,FONE DE OUVIDO CAPACETE MOTO LE-2474,,,
18658,FONE DE OUVIDO COM MICROFONE LE-0214,,,
14798,FONE DE OUVIDO GAMER COM FIO KP-401,,,
15531,FONE DE OUVIDO LE-0237,,,
14836,FONE DE OUVIDO LELONG LE-0238 COM FIO,,,
18071,FONE DE OUVIDO ON-FN641,,,
17860,FONE DE OUVIDO ON-FN647,,,
17859,FONE DE OUVIDO ON-HF200,,,
17263,FONE DE OUVIDO ON-HF201,,,
18769,FONE DE OUVIDO ON-TWS38,,,
14329,FONE DE OUVIDO S/ FIO XKT08 PRO TTD,,,
14330,FONE DE OUVIDO S/ FIO XKT10 TTD,,,
15694,FONE DE OUVIDO SEM FIO HEADSET XKH01,,,
18072,FONE DE OUVIDO SEM FIO ON-FN631,,,
18075,FONE DE OUVIDO SEM FIO XKT01,,,
18073,FONE DE OUVIDO SEM FIO XKT13,,,
18074,FONE DE OUVIDO SEM FIO XKT15,,,
14251,FONT CHAVE FAIXA 12V/10A AMPER LB-CA560,,,
14250,FONT CHAVE FAIXA 12V/5A AMPER LB-CA559,,,
14586,FONTE  NOTEBOOK DELL 19.5V 4.62A DE-0,,,
3054,FONTE  NOTEBOOK SAMSUNG  19V 3.16A SA-01,,,
18386,FONTE 12V 3.0A CFTV DVD/MONITOR D-MO36A,,,
14222,FONTE 5V2A MTT-052,,,
16999,FONTE AFX SLIM 350W BIVOLT KP-CB203,,,
14348,"FONTE ALIMEN. 12V 5A BIVOLT 5,5MMX2,1MM",,,
17415,FONTE ALIMENT DC SAIDA 9VDC/1A  KP-CA576,,,
14306,FONTE ATX 200W KP-517,,,
14107,FONTE ATX 230W BRAZILPC BPC-230,,,
13780,FONTE ATX 230W S/CABO S/EMB.TRS-230V1.2,,,
17555,FONTE ATX 400W BPC-427V1.0 24 PINOS OEM,,,
15884,FONTE ATX 500W PARA PC FT-500,,,
16997,FONTE ATX 500W RGB BIVOLT KP-534RGB,,,
13993,FONTE ATX 500W TRONOS TRS/500 PFCA,,,
14261,FONTE ATX 750W FO-MAX03RGB,,,
12624,FONTE ATX MODULAR 1300W S/CABO PCF ATIVO,,,
16590,FONTE ATX PARA PC 650W ATF-650,,,
9377,FONTE CHAVEADA 12V 50A C/ VENTILADOR EKS,,,
16100,FONTE CHAVEADA POTENCIA 12V/15A LB-CA561,,,
16865,FONTE CHAVEADA POTENCIA 12V/20A LB-CA562,,,
15151,FONTE CHAVEADA POTENCIA 12V/30A LB-CA563,,,
18757,FONTE CHAVEADA SIGMA-F2024,,,
16197,FONTE CHAVEADA SLIM 12V 100W BI KP-CA589,,,
16198,FONTE CHAVEADA SLIM 12V 150W BI KP-CA590,,,
16199,FONTE CHAVEADA SLIM 12V 200W BI KP-CA591,,,
15923,FONTE CHAVEADA SLIM 12V 300W BI KP-CA592,,,
15922,FONTE CHAVEADA SLIM 12V 400W BI KP-CA593,,,
15154,FONTE EZ8828C EZTFX 300W 80 PLUS BRONZE,,,
13099,FONTE GAMER 750W FO-MAX03 80PLUS BRONZE,,,
17927,FONTE GAMER ATX 600W EZ8898B 80PLUSBRONZ,,,
18399,FONTE NOTE LENOVO TYPC 20V 3.25 KP-PD65A,,,
18078,FONTE NOTE SAMSUNG 19V 4.74A D-SG90A,,,
14694,FONTE NOTEBOOK ACER 19V 1.5A PINO FINO,,,
7033,FONTE NOTEBOOK DELL 19.5V 3.34A,,,
18475,FONTE P/ NETEBOOK 85W 18.5V4.6A KP-AP03,,,
18400,FONTE P/ NOTE POSITIVO 19V 3.42 KP-PO65A,,,
13491,FONTE P/ NOTEBOOK UNIVERSAL 96W D-525A+,,,
8607,FONTE PARA APPLE MACBOOK MAGSAFE 2 45W,,,
8606,FONTE PARA APPLE MACBOOK TIPO L 45W 14.5,,,
8605,FONTE PARA APPLE MACBOOK TIPO L 85W 18.5,,,
9053,FONTE PARA MACBOOK PRO 13 61W 20.3V 3A /,,,
5206,FONTE PARA NOTEBOOK ACER 19V 3.42A PINO,,,
3713,FONTE PARA NOTEBOOK ASUS 19V 3.42A PINO,,,
12625,FONTE PARA NOTEBOOK DELL 19.5V 3.34A PIN,,,
8325,FONTE PARA NOTEBOOK HP 18.5V 3.5A PLUG 4,,,
8326,FONTE PARA NOTEBOOK HP 19.5V 3.33A PLUG,,,
5922,FONTE PARA NOTEBOOK LENOVO 20V 3.25A PIN,,,
3929,FONTE PARA NOTEBOOK POSITIVO 19V 3.42A P,,,
13605,FONTE PARA NOTEBOOK SAMSUNG 19V 2.1A,,,
9054,FONTE PARA PATINETE 29.4V 1.5A F-02,,,
18227,FONTE PARA PC  500W DELTA-EF500,,,
7331,FONTE PARA SPEED DOME 24VAC 3A 75W - 127,,,
11096,FONTE REAL 500W 20+4 PINOS HDW-004 FONEN,,,
13969,FONTE REAL 500W 5330-B 24PINOS,,,
13097,FONTE REAL 550W FO-MAX01 80PLUS,,,
7939,FONTE REAL KNUP KP-522 500W COM CABO E E,,,
15708,FONTE TFX 350W 110V/220V KP-CB202,,,
15646,FONTE UNIVERSAL 30W D-536,,,
13980,FONTE UNIVERSALL XLS 40038-023,,,
10933,"FRENTE FALSA 19"" X 1U",,,
17756,FRITADEIRA ELET AIR FRYER 3L  ON-FT106,,,
18039,FURADEIRA DE IMPACTO 220V BOM-9544,,,
18548,FURADEIRA E MARTELETE  800W BOM-9557,,,
11016,GABINETE  NINJA TOOLL GM-07S4 C/ FONTE,,,
17925,GABINETE AQUARIO ANGULO MICRO 0620 K-MEX,,,
14971,GABINETE AQUARIO ATX WHITE S/FAN CG-XXH6,,,
13549,GABINETE ATX CX-2D67 S/FONTE PRETO XX67,,,
17995,GABINETE C/FONTE GM-0368 PRETO C/PX300,,,
7155,GABINETE EVERCOOLER NINJA C3135 (2XUSB)+,,,
17486,GABINETE GAMER 04AH LED TGB S/ FAN K-MEX,,,
16808,GABINETE GAMER 30C5 C/3 FAN AAFAF1,,,
18118,GABINETE GAMER C/ 3 FANS  GB1727 HAYOM,,,
19004,GABINETE GAMER C/ 3 FANS D-ATX18,,,
18994,GABINETE GAMER C/ 3 FANS D-MATX04,,,
18995,GABINETE GAMER C/ 4 FANS D-ATX05,,,
18996,GABINETE GAMER C/ 5 FANS D-ATX06,,,
19001,GABINETE GAMER C/ 5 FANS D-ATX11,,,
18997,GABINETE GAMER C/ 6 FANS D-ATX07,,,
19002,GABINETE GAMER C/ 6 FANS D-ATX12,,,
19003,GABINETE GAMER C/ 6 FANS D-ATX15,,,
18998,GABINETE GAMER C/ 7 FANS D-ATX08,,,
18999,GABINETE GAMER C/ 7 FANS D-ATX09,,,
18014,GABINETE GAMER GB1729 COM 4 FANS HAYOM,,,
15125,GABINETE GAMER MAXRACER WHITE,,,
16971,GABINETE GM-15NB PX300 AC97+2*USB2.0,,,
15522,GABINETE K-MEX GM-10NX PRETO C/ PX300,,,
14605,GABINETE MATX BPC-M255 S/ BAIA FRONTA,,,
17368,GABINETE MATX BPC-N110MATX- B M255 C/FON,,,
18518,GABINETE MATX BPC-N114MATX M255 S/BAI,,,
17556,GABINETE SLIM MATX TFX Q5M SFF C/FONTE,,,
18311,GABINETE TOOLLESS GM-02TD EZTFX300,,,
18107,GAME RETRO STICK 3550JOG 2 CONT MAY-009,,,
18558,GANCHO ADESIVO DE ACO  5X4CM BOM-2303,,,
18501,GARANTIA KIT TECLADO DELTA-VK0301,,,
12684,GARRAFA DE AGUA ESPORTIVA 5S20ML AK-5201,,,
12959,GARRAFA DE AGUA SQUEEZE 1L AK-1012 TOMAT,,,
12961,GARRAFA DE AGUA SQUEEZE 600ML AK-6005 TO,,,
12685,GARRAFA DE AGUA SQUEEZE GAL?O 2L AK-2023,,,
12718,"GARRAFA DE PLASTICO 1,3L AK-1302",,,
12720,GARRAFA DE PLASTICO 1L AK-1008,,,
12943,GARRAFA DE SILICONE DOBRAVEL 600ML AK-60,,,
12714,GARRAFA GAL?O DE AGUA SQUEZE AK-2501,,,
12717,"GARRAFA GALAO AGUA 1,3L SQUEZE AK-1301",,,
12689,GARRAFA TERMICA  ACO INOX 450ML AK-4501,,,
12946,GARRAFA TERMICA ACO INOX 500ML AK-5019,,,
12721,GARRAFA TERMICA DE ACO 650ML AK-6503,,,
12694,GARRAFA TÉRMICA DEAÇO INOX 850ML AK-8503,,,
18720,GRAMPOS MULTIUSO 2 PECAS BOM-3618,,,
18719,GRAMPOS MULTIUSO 3 PECAS BOM-3617,,,
18716,GRAMPOS MULTIUSO 6 PECAS BOM-3616,,,
13870,GRAVADOR 16 CANAIS COM VIDEO XVR301-16G3,,,
13868,GRAVADOR COM 8 CANAIS XVR301-16F,,,
18156,GRAVADORA DVD INTERNO 24X PARA DESKTOP,,,
10090,"HD EXTERNO EXPANSION 2TB 2,5 SEAGATE STK",,,
18636,HD INTERNO 1024GB KNUP KP-HD837,,,
14893,HD INTERNO 1TB BARRACUDA DELL,,,
14619,"HD INTERNO 2TB 3,5 KNUP KP-HD832",,,
18170,HD INTERNO 500GB BARRACUDA SEAGATE,,,
18266,HD INTERNO 500GB WD5000AVVS GREEPOWER WD,,,
18192,HD INTERNO 500GB WD5003ABYX WESTERN DIGI,,,
15365,HD PC INTERNO 1TB SAMSUNG HD103SJ,,,
14701,HD PC INTERNO 2TB TOSHIBA SURVEILLANCE S,,,
12290,HD PC INTERNO 750GB SAMSUNG HD753LJ,,,
11842,HD PC INTERNO SATA3 2TB SEAGATE,,,
10731,HD SSD 120GB MASTERDRIVE,,,
18681,HD SSD 512GB 3 SATA KA-SSD-512,,,
18004,HUB COM 4 PORTAS USB KA-1169,,,
17869,HUB MULTIFUNCIONAL USB 2.0 3.0 KP-HB508,,,
14959,HUB SWITCH  HB-T57,,,
8142,HUB SWITCH HDMI 3 ENTRADAS E 1 SAIDA KP-,,,
18395,HUB USB 3.0 3P USB1P USB TYPE-C KP-T134,,,
17941,HUB USB 3.0USB E TYPE-C KP-HB506,,,
9796,HUB USB TYPE C 3 PORTAS  USB 2.0. E 1 RJ,,,
18396,HUB USB TYPE-C 3.0 USBTIPO C 4P KP-HB505,,,
17992,IMPRESSORA BROTHER LASER  HLL5212DN,,,
15899,IMPRESSORA COLORIDA HL-L8360CDW BROTHER,,,
17595,IMPRESSORA PANTUM M6559NW MULTIFUNCIONAL,,,
17959,IMPRESSORA TERMICA KP-IM609,,,
18393,IMPRESSORA TERMICA MDK-E01,,,
17572,IMPRESSORA TERMICA OIA-8380,,,
7300,INTERRUPTOR INTELIGENTE 2 BOTOES  AUTOMA,,,
8925,INTERRUPTOR INTELIGENTE 3 BOTOES  PRETO,,,
8930,INTERRUPTOR INTELIGENTE WIFI 4CH EKHY-T1,,,
14937,INVERSOR DE POTENCIA 110V/200W KP-IN900,,,
16904,JBL CLIP5 BLK,,,
18744,JOGO 3 BROCA ESCALONADA BOM-5020,,,
18575,JOGO BITS DUPLOS 100MM 10 UN BOM-5005,,,
18690,JOGO CHAVE CANHAO SOQUETE 10MM  BOM-1105,,,
18691,JOGO CHAVE CANHAO SOQUETE 11MM  BOM-1106,,,
18692,JOGO CHAVE CANHAO SOQUETE 12MM  BOM-1107,,,
18693,JOGO CHAVE CANHAO SOQUETE 13MM  BOM-1108,,,
18694,JOGO CHAVE CANHAO SOQUETE 14MM  BOM-1109,,,
18697,JOGO CHAVE CANHAO SOQUETE 15MM  BOM-1112,,,
18695,JOGO CHAVE CANHAO SOQUETE 17MM  BOM-1110,,,
18696,JOGO CHAVE CANHAO SOQUETE 19MM  BOM-1111,,,
18683,JOGO CHAVE CANHAO SOQUETE 7PCS BOM-1102,,,
18684,JOGO CHAVE CANHAO SOQUETE 7PCS BOM-1103,,,
18685,JOGO CHAVE CANHAO SOQUETE 7PCS BOM-1104,,,
18563,JOGO DE BROCAS P/MADEIRA 6PCS BOM-5031,,,
16341,JOGO DE XADREZ LK-CD47,,,
14332,JOYSTICK VOLANTE P/ VIDEO GAME KP-5815A,,,
18932,KEYSTONE CAT6 SOHO PLUS FEMEA,,,
13701,KIT 2 MICROFONES S/ FIO ONISTEK ON-MC816,,,
18566,KIT 4 CHAVE FENDA E PHILLIPS BOM-3119,,,
18562,"KIT 4 RODIZIO GIRATORIO 2"" 45KG BOM-2768",,,
16704,KIT 5 SOQUETES MAGNETICO BOM-5011,,,
18335,KIT 5 SOQUETES MAGNETICO BOM-5019,,,
14122,KIT 6 CHAVES BOCA PONTA DUPLA BOM-3202,,,
18715,KIT BICO PARA BOMBA DE INFLAR BOM-3614,,,
14315,KIT CHAVE 115 PCS BOM-3114,,,
14728,KIT CHAVE DE PIA  BOM-3205,,,
18712,KIT CHAVE DE PRECISAO P/ REPARO BOM-3126,,,
14138,KIT CHAVE MANUAL 41PCS BOM-3904,,,
18534,KIT CHAVES CATRACA SOQUE 53PC BOM-3913,,,
13963,KIT COM 31 CHAVES BOM-3101,,,
18572,KIT DE GRAMPO SARGENTO C/ 3 PCS BOM-3621,,,
1054,KIT DE ILUMINAÇAO DE LED PARA GABINETES,,,
18708,KIT DUCHA DE MAO C/ CHUVEIRINHO BOM-2104,,,
18574,KIT ESCOVA DE LIMPEZA 3 PC18S BOM-3643,,,
18334,KIT FERRAMENTA ELETRICA 4 EM 1 BOM-9727,,,
15841,KIT FERRAMENTAS 5 CHAVES BOM-3403,,,
14135,KIT FERRAMENTAS MANUT BICICLETA BOM-3602,,,
14455,KIT FITA ISOLANTE BOM-1308,,,
14961,KIT ILUMINAC?O FOTOGRAFICA OR-PL04,,,
16084,KIT JOGO FERRAMENTAS 126P?S BOM-3907,,,
18876,KIT MOUSE TECLADO EAK030 C/FIOABNT2 ACER,,,
17521,KIT SOQUETES C/ENCAIXE 1/4 BOM-3209,,,
18412,KIT TARRACHAS FAZEDOR DE ROSCA  BOM-5672,,,
18724,KIT TECLADO E MOUSE C/FIO KAPBOM KA-670,,,
18370,KIT TECLADO E MOUSE SLIM KP-TE123,,,
17895,KIT TECLADO EMOUSE S FIO HAOQING HQ-1633,,,
16336,KIT TECLADO MOUSE GAMER DELTA-VK0301,,,
13271,KIT TECLADO/MOUSE C/FIO OFFICE KC-500 5+,,,
17276,KIT TECLADO/MOUSE S/FIO OFFICE KC-500 5+,,,
15801,KIT VASSOURA+PA PARA LIMPEZA OPA-1017,,,
6074,KIT VENTILACAO C/ 02 COOLERS 12V PADRAO,,,
18811,L-CAIXA DE SOM PARA USB 6W RMS KP-600,,,
18816,L-CANETA TOUCH SCREEN PONTA FINA,,,
18823,L-CONJ CHAVES SOQUETES BOM-3912,,,
18821,L-DRONE DJI MINI 3 FLY MORE COMBO,,,
18838,L-FONTE 350W TRONOS,,,
18834,L-FONTE ATX 200W KP-517,,,
18835,L-FONTE ATX 200W PX300CNG 110/220V,,,
18836,L-FONTE ATX 350W PS 350BK S/CABO C3TECH,,,
18951,L-FONTE EZ8828C EZTFX 300W 80 PLUSBRONZE,,,
18824,L-GABINETE SLIM MATX TFX Q5M SFF C/FONTE,,,
18815,L-HD EXTERNO 2TB SEAGATE,,,
18828,L-IMPRESSORA BROTHER LASER  HLL5212DN,,,
18813,L-INVERSOR DE TENSAO 4000W/220V KP-587A,,,
19040,L-KEYSTONE RJ45 CAT5E BRANCO,,,
18837,L-LEITOR DE CD E DVD LG GH24NS90,,,
18538,L-MEMORIA PC 8GB DDR4 3200 DELTA-ME3208,,,
18904,"L-MONITOR LED 22"" IPS 75HZ AXPRO AX-22",,,
18830,"L-MONITOR LED 24"" HQ24 100HZ HAOQUING",,,
18833,L-MOUSE OPTICO NINJA MO-M236 1200DPI USB,,,
18814,L-MULTIFUNCIONAL EPSON L3250 ECOTANK,,,
18818,L-NOBREAK UPS PG LI 700VA BIV 8T 1BAT,,,
18921,L-PARAFUSADEIRA ELE 21V 1300MAH BOM-9961,,,
19047,L-PLACA DE VIDEO 4GB DDR5 G-GT740/4G,,,
18954,L-PLACA DEVIDEO RTX5060TI 16GB SHADOW 2X,,,
18849,L-PLACA MAE  G-A520 AM4,,,
18840,L-PLACA MAE A520 MAINBOARD HAOQUING,,,
18841,L-PLACA MAE ASUS PRIME  H610M,,,
18846,L-PLACA MAE BPC-H310/B250M.2 DDR4 LGA115,,,
18843,L-PLACA MAE DELTA H61,,,
18848,L-PLACA MAE DESK H610 LGA1700 NINJA GIGA,,,
18844,L-PLACA MAE G-B75 KNUP DDR3 LGA1155,,,
18839,L-PLACA MAE G-H510 DDR4 LGA 1200,,,
18845,L-PLACA MAE H510 MGS DDR4 LGA1200,,,
18847,L-PLACA MAE H610 REVENGER DDR4 LGA1700,,,
18884,L-PLACA MAE H610 REVENGER DDR4 LGA1700,,,
17502,L-PROCESSADOR  I5-9500 3.0GHZ OEM,,,
12634,L-PROCESSADOR AMD RYZEN 3 4100 3.8 AM4,,,
7868,L-PROCESSADOR I3-10100 3.6GHZ LGA 1200,,,
18955,L-PROCESSADOR I3-13100 3.4GHZ LGA 1700,,,
18918,L-PROCESSADOR I5-12400 2.5GHZ  LGA1700,,,
12855,L-PROCESSADOR PENTIUM G5400 3.7GHZ,,,
18861,L-PROCESSADOR RYZEN 7 3700X 3.6GHZ,,,
18862,L-PROJETOR BPC-1080P M18W 5000LUMEN,,,
18825,L-PROJETOR DE LED 3500+ TAICON,,,
18936,L-SSD M.2 NVME 256GB GEN3 X4 KP-HD813,,,
18863,L-SUPORTE BASE MONITOR BPC-DZ09BQ,,,
18827,L-SWITCH IP-COM G3326P-24-410W GIGABIT,,,
18817,L-TABLET REDMI PAD 2 MINT GREEN,,,
18812,L-TABLET REVENGER RG-TB10,,,
18831,L-TECLADO MULTIMIDIA KM3928U,,,
19048,L-WEBCAM 4K USB2.0 SIGMA-W780M,,,
18732,LANTERNA CABECA LAMPADA LED COB BOM-4005,,,
18110,LANTERNA LED 10W  DP-9168,,,
18765,LANTERNA LED MULTIFUCIONAL ON-LT044,,,
18764,LANTERNA LED USB 3W  ON-LT046,,,
18770,LANTERNA TATICA RECARREGAVEL ON-LT016,,,
18771,LANTERNA TATICA RECARREGAVEL ON-LT017,,,
15450,LATERNA DE CABECA LAMPADA LED BOM-4003,,,
16092,LAVADORA DE ALTA PRESS?O 220V BOM-7012,,,
18373,LEITOR DE CODIGO DE BARRA 2D KP-1026,,,
8084,LEITOR DE CODIGO DE BARRA 2D KP-1027,,,
18714,LEVANTADOR DE MOVEIS BOM-3604,,,
14443,LICENCA OFFICE 2021 PRO PLUS,,,
960,LIMPA CONTATO 300ML W-MAX WURTH,,,
14901,LIMPADOR INDUSTRIAL SPRAY 500ML/336G,,,
14009,LIXADEIRA MANUAL DE BATERIA BOM-9703,,,
14302,LIXADEIRA MANUAL DE BATERIA BOM-9704,,,
13956,LIXADEIRA MANUAL DE BATERIA BOM-9705,,,
18111,LUMINARIA DE EMERGENCIA  LK-730 30 LED,,,
14864,LUMINARIA DE LED LE-5851,,,
18763,LUMINARIA LEDSOLAR REFLETOR ON-LU202,,,
7503,LUMINARIA SOLAR 10 LEDS 150 LUMENS KP-,,,
7501,LUMINARIA SOLAR 48 LEDS 200 LUMENS KP-LU,,,
7505,LUMINARIA SOLAR 48 LEDS LB-LU03/48 C/ SE,,,
7502,LUMINARIA SOLAR 8 LEDS 80 LUMENS KP-LU04,,,
16623,LUMINARIA SOLAR C/CAMERA MONITO LB-CA229,,,
18733,LUMINARIA SOLAR DE JARDIM LED BOM-4602,,,
15533,LUMINARIA SUPORTE HEADFONE RGB MSY-9990,,,
18155,LUMINARIA SUPORTE HEADFONE RGB MSY-9991,,,
18097,LUZ DE PREENCHIMENTO P/VIDEO LED MLG-105,,,
18098,LUZ DE PREENCHIMENTO P/VIDEO LED MLG-106,,,
18013,MALA MOTORIZADA  MPE-ML01A PRETO,,,
16805,MANDRIL C/ CHAVE 3/8 24F ROSCA BOM-5017,,,
15631,MAQUINA DE BARBEAR RECARREGAVEL KP-MA833,,,
16192,MAQUINA DE GELO 110V/60HZ ON-ZB03/110V,,,
17725,MAQUINA DE SOLDA 110V BOM-9507,,,
16640,MEMORIA 16GB DDR4 KGT 3200MHZ,,,
16626,MEMORIA 8GB 4800U DDR5 SHADOW NETAC,,,
18346,MEMORIA 8GB DD3 HAYOM 1600 MHZ,,,
18345,MEMORIA 8GB DDR4 HAYOM 2666 MHZ,,,
17456,MEMORIA 8GB DDR4 NETAC 3200MHZ BASIC C16,,,
18511,MEMORIA PC 16GB 6400MHZ DDR5 RGB ME6416,,,
12065,MEMORIA PC 16GB DDR4 2666MHZ  KP-HD818,,,
17922,MEMORIA PC 16GB DDR4 AITEK 2666 MHZ,,,
14777,MEMORIA PC 16GB DDR4 HYPERX FURY 3200MHZ,,,
18041,MEMORIA PC 16GB DDR4 NETAC  3200 MHZ,,,
7470,MEMORIA PC 4GB DDR4  NETCORE 2400 MHZ,,,
9398,MEMORIA PC 8GB DDR3 1600 MHZ,,,
8173,MEMORIA PC 8GB DDR3 1600MHZ,,,
17849,MEMORIA PC 8GB DDR3 CLANM 1600MHZ,,,
14033,MEMORIA PC 8GB DDR4 2666MHZ KGT,,,
16120,MEMORIA PC 8GB DDR4 DESK 3200MHZ,,,
1396,MEMORIA PC 8GB DDR4 KGT 2666 MHZ,,,
15178,MEMORIA PC 8GB DDR4 KGT 3200MHZ,,,
14304,MEMORIA PC 8GB DDR4 KNUP 2666MHZ,,,
18042,MEMORIA PC 8GB DDR4 NETAC 3200 MHZ,,,
13733,MEM¿RIA RAM DESENVOLVIDA PARA NOTEBOOKS.,,,
18633,MICROFONE COM FIO MT-1016,,,
12691,MICROFONE CONDENSADOR DE ESTÚDIO MT-1048,,,
12698,MICROFONE CONDENSADOR MT-1025,,,
16695,MICROFONE DE LAPELA SEM FIO ONISTEK ON-M,,,
16696,MICROFONE DE LAPELA SEM FIO ONISTEK ON-M,,,
1241,MICROFONE DINAMICO C/ FIO P1OPR KP-M0011,,,
18057,MICROFONE DINAMICO COM FIO KP-M0015,,,
6392,MICROFONE LAPELA OMNI DIRECIONAL BOYA BY,,,
13696,MICROFONE SEM FIO DUPLO ONISTEK ON-MC808,,,
13699,MICROFONE SEM FIO DUPLO ONISTEK ON-MC814,,,
13700,MICROFONE SEM FIO DUPLO ONISTEK ON-MC815,,,
11151,MIGUELAO CIRCULAR KIT COM 100  BRANCO 6,,,
11150,MIGUELAO CIRCULAR KIT COM 100 BRANCO 5MM,,,
11149,MIGUELAO CIRCULAR PRETO 6MM - KIT 100,,,
15845,MIGUELAO PREGO DE ACO REFORMADO BRANC 6M,,,
11152,MIGUELAO PREGO DE ACO REFORMADO PRETO 6M,,,
16867,MINI ANTENA WIFI KAPBOM KA-T8189,,,
18987,MINI CAIXA DE SOM PARA PC D-GP201,,,
18258,MINI CAIXA DE SOM PARA PC D-GP202,,,
18988,MINI CAIXA DE SOM PARA PC D-GP205,,,
18986,MINI CAIXA DE SOM PARA PC D-GP301,,,
14292,MINI CAIXA DE SOM PARA PC KP-609,,,
18337,MINI CAIXAS ACUSTICAS KP-603,,,
18762,MINI GELADEIRA PORTATIL KP-RC02,,,
18407,MINI MARTELO  BOM-1003,,,
14147,MINI MOTO SERRA PORTATIL BOM-9104,,,
14152,MINI MOTOSERRA DE PODA BOM-9102,,,
18990,MINI PC  I7-8550U 3.0GHZ 16GB D-PC005,,,
18989,MINI PC I5-6300U 3.0GHZ 8GB D-PC004,,,
6059,"MINI RACK 19"" 05U X 350MM ACR PRETO C/ 2",,,
15665,MINI TECLADO DOBRAVEL C TOUCHPAD IMS-950,,,
15632,MINI TECLADO SEM FIO BLUETOOTH KP-TE109,,,
3971,MINI TRIPE FLEXIVEL COM ADAPTADOR PARA C,,,
18805,MOCHILA DE VIAGEM BQ4263,,,
18803,MOCHILA DE VIAGEM COM CARRINHO B-QB42616,,,
18804,MOCHILA DE VIAGEM COM CARRINHO B-QB42626,,,
10638,MODEM USB 4G LTE COM WI-FI HOTSPOT 150MB,,,
17582,MODULO FV 550W MONO E-550 OUROLUX 30MM,,,
10303,MODULO RACK 19 2U TS SHARA 2 BATERIAS IN,,,
17227,"MONITOR 15.4""  MO6006 HAYOM",,,
16320,"MONITOR 19"" LED FHD HQ190 HAOQING",,,
16851,"MONITOR 19,5"" HD LG COM TELA DE CRISTAL",,,
16693,MONITOR 22 TN - 60HZ - 5-8MS - AXPRO,,,
18159,"MONITOR 27"" 2K LED FHD  HAOQING",,,
18158,"MONITOR 34"" 4K LED FHD HQ34 HAOQING",,,
18048,"MONITOR GAMER 27"" 2K DELTA-M2710RA",,,
13630,"MONITOR LED 20"" BPC-20WR 75HZ",,,
17531,"MONITOR LED 20"" IPS 75HZ AXPRO AX-20",,,
17443,"MONITOR LED 21,5"" BPC22SADP-100 FHD PR",,,
17870,"MONITOR LED 21.5"" AOC LED 22B30HM23",,,
18802,"MONITOR LED 22"" IPS 75HZ AXPRO AX-22",,,
9936,"MONITOR LED 23"" 23WR-75 FHD VGA HDMI PR",,,
17444,"MONITOR LED 23.8"" BPC24SADP-100 FRAMELES",,,
17001,"MONITOR LED 23.8"" BPC24SADP-75 FRAMELESS",,,
11890,"MONITOR LED 23.8"" LG 24BL550J POS FULL H",,,
13627,"MONITOR LED 23.8"" MNBOX D-MN005 HDMI/VGA",,,
17708,"MONITOR LED 24"" HQ24 100HZ HAOQUING",,,
17527,"MONITOR LED 24"" IPS 75HZ AXPRO AX-24",,,
17277,"MONITOR LED 24.5""  D-245G/100H",,,
14974,"MONITOR LED 27"" 27WFY-75XE 60HZ BPC",,,
10730,"MONITOR LG LED 21,5 FULL HD HDMI 22BN550",,,
13654,"MONITOR VXPRO 23"" 75HZ VX230X VXPRO",,,
18673,MOTO ELETRICA 110V CINZA,,,
18642,MOTO ELETRICA AC-6609 110V PRETO ATEC,,,
18867,MOUSE 5+GAMER START 2.0 PRETO/VERDE,,,
18806,MOUSE 5+GAMER START 2.0 PRETO/VERMELHO,,,
13830,MOUSE COM FIO MULTI MF100 1200DPI,,,
18187,MOUSE GAMER AURA SYNC 9D DELTA-VM9128,,,
17654,MOUSE GAMER C/FIO 3 BOTOES KNUP KP-MU003,,,
17956,MOUSE GAMER COM FIO KP-MU007,,,
16443,MOUSE OPTICO C/FIO USB ACER M117 PRETO,,,
16444,MOUSE OPTICO C/FIOUSB ACER M117 BRANCO,,,
16446,MOUSE OPTICO COM FIO USB ACER EMW130,,,
16445,MOUSE OPTICO COM FIO USB ACER EMW214,,,
12905,MOUSE OPTICO GAMER 3200DPI KP-V4 KNUP,,,
15634,MOUSE OPTICO GAMER COM CABO KP-MU009,,,
11411,MOUSE OPTICO NINJA MO-M236 1200DPI USB,,,
18978,MOUSE OPTICO USB COM FIO KA-601 KAPBOM,,,
18125,MOUSE PAD APOIO EM GEL KP-S04,,,
14407,MOUSE PAD COM APOIO EM GEL RY-68,,,
18850,MOUSE PAD DELTA-P8030 PRETO,,,
18050,MOUSE PAD DELTA-P8030R,,,
18064,MOUSE PAD KP-S03 KNUP,,,
18184,MOUSE PAD KP-S07 KNUP,,,
1005,MOUSE PAD PRETO EMBORRACHADO DEX,,,
17894,MOUSE S/FIO HAOQING HQ-100 CORES SORTIDA,,,
17958,MOUSE SEM FIO KP-MU025,,,
17957,MOUSE SEM FIO KP-MU029,,,
15184,MOUSE SEM FIO MULTI MO307 1200DPI,,,
14702,MOUSE USB 3BT SCR SM 6620 PR FOSCO LITEO,,,
14096,MOUSE USB MS-31BK PRETO C3PLUS -SN,,,
14593,MULTIFUNCIONAL EPSON L3250 ECOTANK,,,
14925,MULTIMETRO DIGITAL BOM-6005,,,
14666,MULTIMETRO DIGITAL CANETA  BOM-6008,,,
15600,NIVEL A LASER COM 16 LINHAS BOM-6213,,,
14492,NIVEL A LASER COM 2 LINHAS BOM-6209,,,
11318,NOBREAK  UPS YUP-E 1400VA BIVOLT AUTO 1 ,,,
17207,NOBREAK 2500VA KSB 2500BS CR ENERGIA,,,
16149,NOBREAK EASY PRO 3200D 60HZ CBU-TI BLACK,,,
18792,NOBREAK LINHA ONE 1000VA 3.1 TRIVOLT MCM,,,
18793,NOBREAK LINHA ONE 1200VA 3.1 TRIVOLT MCM,,,
18794,NOBREAK LINHA ONE 1440VA 3.1 TRIVOLT MCM,,,
16700,NOBREAK PORTAO UPS GATE 3200VA 2BA 4458,,,
19024,NOBREAK SAFE GATE SG1500 1500VA,,,
15303,NOBREAK TS 1200VA UNIVERSAL BIVOLT 4502,,,
14513,NOBREAK TS SHARA UPSMINI 700VA MONO 4542,,,
16759,NOBREAK TS-1400 SENOIDAL UNIV 4551,,,
14663,NOBREAK TSHARA 600VA BIVOLT UPSMINI 4003,,,
1286,NOBREAK TSSHARA 600VA MONO UPS MINI 4004,,,
19034,NOBREAK UPS 1500VA ACTION FIT 3.1 TRIVOL,,,
9869,NOBREAK UPS 2200VA SENOIDAL 4BS/2BA 4452,,,
16755,NOBREAK UPS 2200VA SENOIDAL UNIV 8T 4500,,,
19029,NOBREAK UPS 600VA ONE FIT 3.1 TRIVOLT,,,
19032,NOBREAK UPS 700VA ONE FIT 3.1 TRIVOLT,,,
18295,NOBREAK UPS PG LI 700VA BIV 8T 1BAT CLK,,,
14511,NOBREAK UPS PROFESSI 3200VA 2BS/2BA 4451,,,
16769,NOBREAK UPS SENNO ST 3KVA MONO 6803,,,
16771,NOBREAK UPS SENNO VT 1KVA/900W MONO 6867,,,
16774,NOBREAK UPS SENNO VT 1KVA/900W MONO 6870,,,
16772,NOBREAK UPS SENNO VT2KVA/1800W MONO 6868,,,
16775,NOBREAK UPS SENNO VT2KVA/1800W MONO 6871,,,
16773,NOBREAK UPS SENNO VT3KVA/2700W MONO 6869,,,
16776,NOBREAK UPS SENNO VT3KVA/2700W MONO 6872,,,
15302,NOBREAK UPS SENOIDAL 3200VA BIVOLT 4450,,,
13538,NOBREAK UPS XPRO 1500VA 2BS/2BA BIVOLT,,,
14741,NOBREAK UPS XPRO 1800VA 2BS BIVOLT 4537,,,
16760,NOBREAK UPS XPRO SENOIDAL 1800VA  4569,,,
16757,NOBREAK UPS XPRO SENOIDAL 2000VA 4540,,,
14740,NOBREAK UPSCOMPACTXPRO 1000VA BIV 4528,,,
18233,NOTEBOOK VAIO FE15 VJFE54F11X-B0321H,,,
18436,NVME 512GB PHISON OEM,,,
8972,ONU X-PON FAST-WI HTR5033X COONX001,,,
18799,OUT-NOTEBOOK ACER NITRO V15 I5-13420H,,,
17442,OUT-NOTEBOOK LENOVO 82VXCELERON 4GB DDR4,,,
14999,PA ACAMPAMENTO DESMONTAVEL YF-029 YF-030,,,
14994,PA ACAMPAMENTO MULTIFUNCOESLUATEK YF-024,,,
14992,PA DE ACAMPAMENTO COM CASE LUATEK YF-020,,,
14993,PA DE ACAMPAMENTO COM CASE LUATEK YF-022,,,
14998,PA DE ACAMPAMENTO COM CASE YF-029,,,
6339,PAINEL FRONTAL 2 PORTAS USB 3.0 HD AUDIO,,,
17805,PAINEL FRONTAL PARA PC KP-PL913,,,
18550,PANO DE MICROFIBRA BOM-7308,,,
18739,PAQUIMETRO ANALOGICO 2 PCS BOM-6500,,,
16662,"PAR MONITORES LED TELA 14""  D-TELA04",,,
18740,PARAFUSADEIRA ELETRICA - 12V BOM-9960,,,
18741,PARAFUSADEIRA ELETRICA - 21V BOM-9969,,,
13960,PARAFUSADEIRA SEM FIO BOM-9966,,,
13958,PARAFUSADEIRA SEM FIO BOM-9969,,,
14294,PARAFUSADEIRA TORQUE 21V BOM-9970,,,
17942,PASSADEIRA A VAPOR ON-PR902/110V,,,
16205,PASTA PARA NOTEBOOK NB-01 DEX,,,
4667,PASTA TERMICA 5 GRAMAS PS-05 THERMAL SIL,,,
1331,PASTA TERMICA BISNAGA 10G IMPLASTEC - SN,,,
16962,"PATCH CORD CAT5E UTP 0,5M CMX AM 1 UN",,,
16958,"PATCH CORD CAT5E UTP 0,5M CMX AZ 1 UN",,,
16963,"PATCH CORD CAT5E UTP 1,5M CMX AM 1 UN",,,
16959,"PATCH CORD CAT5E UTP 1,5M CMX AZ 1 UN",,,
16960,"PATCH CORD CAT5E UTP 1,5M CMX CZ 1 UN",,,
16966,"PATCH CORD CAT6 UTP 0,5M CMX VM 1 UN",,,
16968,"PATCH CORD CAT6 UTP 1,5M CMX AM 1 UN",,,
16964,"PATCH CORD CAT6 UTP 1,5M CMX AZ 1 UN",,,
16965,"PATCH CORD CAT6 UTP 1,5M CMX CZ 1 UN",,,
16956,PATCH PANEL CAT5E 24 PORTAS 1UN MEGATRON,,,
16957,PATCH PANEL CAT6 24PORTASC/GUIA TRASEIRA,,,
16765,PDU FILTRO DE LINHA+ PROTETOR 10 TOM 564,,,
16762,PDU FILTRO DE LINHA+ PROTETOR 3 TOM 558,,,
16763,PDU FILTRO DE LINHA+ PROTETOR 5 TOM 560,,,
16764,PDU FILTRO DE LINHA+ PROTETOR 8 TOM 562,,,
16766,PDU FILTRO DE LINHA+ PROTETOR 8 TOM 576,,,
16767,PDU FILTRO DE LINHA+ PROTETOR 8 TOM 578,,,
16768,PDU FILTRO DE LINHA+ PROTETOR 8 TOM 579,,,
12231,PELICULA AMET NANOTECH  ANTI-SPY PRIVACI,,,
11757,PELICULA AMET NANOTECH HD ALTA PROTECAO,,,
14415,PELICULA AMET NANOTECH MATTE NEW EDITION,,,
7980,PELICULA HYDROGEL TPU AMET PARA TABLET-,,,
15728,PENDRIVE MEMORIA USBFLASH 128GB LB-PD128,,,
18076,PILHA BOTAO LITIO 3V KP-BT1616 CART 5UN,,,
18551,PINCEL TRINCHA P/ PINTURA 2 P BOM-7530,,,
18552,PINCEL TRINCHA P/ PINTURA 2.5 P BOM-7531,,,
17696,PISTOLA DE PINTURA 21V BOM-9720,,,
17250,PLACA DE CAPTURA 4K HDMIX USB KP-AD101,,,
1372,PLACA DE REDE PCI 10/100MBPS DP-01 DEX,,,
11952,PLACA DE REDE PCI EXPR RJ45 GIGA KP-T90B,,,
18092,PLACA DE REDE WIFI PCI-E KP-T136,,,
1235,PLACA DE SOM PCI 5.1 6 CANAIS DP-61 DEX,,,
1236,PLACA DE SOM PCI EXPRESS 5.1 6 CANAIS DP,,,
3761,PLACA DE SOM USB 7.1 4 ENTRADAS,,,
17706,PLACA DE VIDEO 6GB/192BITS GTX1660 PELAD,,,
18977,PLACA DE VIDEO AMD RX580 8GB BRANCO,,,
18976,PLACA DE VIDEO AMD RX580 8GB PRETO,,,
17372,PLACA DE VIDEO DDR3 1GB DELTA-GT340,,,
19057,PLACA DE VIDEO DDR3 2GB DELTA-R5230,,,
17806,PLACA DE VIDEO G-GTX750TI/4G,,,
18682,PLACA DE VIDEO G-RTX3060/12G REVENGER,,,
15287,PLACA DE VIDEO GEFORCE G-GT610/1G  REVEN,,,
11239,PLACA DE VIDEO NVIDIA GEFORCE GT210/1G 1,,,
13689,PLACA DE VIDEO NVIDIA GEFORCE GT730/4G,,,
13163,PLACA M?E DESK 1151 DDR4 G-B250 6/7/8/9?,,,
14037,PLACA M?E DUEX H610 DDR4 DX-H610ZG,,,
14305,PLACA M?E GIGABYTE H510M-K V2 2.0,,,
18309,PLACA MAE  G-B450 REVENGER,,,
18307,PLACA MAE  LGA 1700 G-B760 REVENGER,,,
17017,PLACA MAE AMD B450M-A V1 SOCKET AM4 ANGT,,,
16473,PLACA MAE DDR4 C/PROCESSADOR G-PC10750H,,,
12739,PLACA MAE DESK 1155 B75 H61M.2-TG,,,
13164,PLACA MAE DESK 1155 G-H61/K KNUP (2XDDR3,,,
17473,PLACA MAE DXMBH610G DDR4 LGA1700 DUEX,,,
11961,PLACA MAE G-A320 DDR4 DDR4 AM4,,,
12375,PLACA MAE G-A520 DESK DDR4 AM4,,,
11395,PLACA MAE G-H110 KNUP DDR4 LGA1151,,,
13715,PLACA MAE G-H470 REVENGER DDR4 LGA1200,,,
11439,PLACA MAE G-H510 DDR4 LGA 1200,,,
11130,PLACA MAE G-HM55 DDR3 LGA1156,,,
15588,PLACA MAE H110B4U MAINBOARD HAOQUING,,,
13657,PLACA MAE H110M.2-STG BRAZILPC DDR4,,,
10491,PLACA MAE H310MHP S1151 BIOSTAR DDR4 LGA,,,
16419,PLACA MAE H510 MAINBOARD HAOQUING,,,
17577,PLACA MAE H61 G-B75/S KNUP LGA 1155,,,
14224,PLACA MAE H610 REVENGER DDR4 LGA1700,,,
16998,PLACA MAE H61BU MAINBOARD HAOQUING,,,
15569,PLACA MAE H81BU MAINBOARD HAOQUING,,,
13656,PLACA MAE H81M.2-TG DDR3 LGA1150,,,
11414,PLACA MAE HM55-NT DDR3 LGA1156,,,
17548,PLACA MAE MSI DDR4 PRO H510M-B,,,
10546,PLACA PCI EXPR WIRELESS 300MBPS KP-T118,,,
1243,PLACA PCI EXPRESS 1200MBPS KP-T119 KNUP,,,
9964,PLACA PCI EXPRESS 2P USB 3.0 PARA NVME,,,
7497,PLACA PCI EXPRESS COM 2 PORTAS KP-T105,,,
11368,PLACA PCI EXPRESS GIGABIT 10/100 TG-3468,,,
17439,PLACA PCIE NVME M.2 KP-AD135,,,
16614,PLACA VGA PCI EXP 12GB/192BITS RTX3060M,,,
16615,PLACA VGA PCI EXPRESS 2GB/64BITS GT610,,,
16448,PLACA VIDEO 1GB DDR3 64BIT VXG210LP-1GD3,,,
18579,PLACA VIDEO GT240 1GB DDR3 DELTA-GT240,,,
18608,PLACA VIDEO GT730 4GB DDR3 DELTA-GT730,,,
11720,PLACA WI-FI PCI-E DUAL BAND 2.4/5GHZ 600,,,
16587,PLUG ADAP. TOMADA INTEL. ALPHA-901 PRO,,,
15161,PLUG PROTECTOR 3 PINOS 10A PRETO,,,
18941,PLUG+PROTETOR TERMORETRATIL,,,
15403,POCHETE ULTRA SLIM LE-6501,,,
17988,POLTRONA INFLAVEL C/ APOIO MC-45,,,
16715,POLTRONA INFLAVEL PVC 80X85X140CM MC-47,,,
14404,PORTA RETRATO DIGITAL 12 MAX-1207,,,
18801,POWERBANK IMS-618S 60.000MAH 100W IMENSO,,,
14765,PROCESSADOR  G4930 3.20MHZ LGA 1151,,,
18857,PROCESSADOR  I3-3245 3.40GHZ LGA 1155,,,
18858,PROCESSADOR  I3-3250 3.50GHZ LGA1155 OEM,,,
6831,PROCESSADOR  I3-4160 3.6GHZ LGA 1150,,,
9857,PROCESSADOR  I3-6100 3.70GHZ LGA1151,,,
14764,PROCESSADOR  I3-9100 3.60GHZ LGA 1155,,,
18127,PROCESSADOR  I5-3330 3.00 GHZ LGA1155,,,
18128,PROCESSADOR  I5-3340S 3.10 GHZ LGA1155,,,
18146,PROCESSADOR  I5-3470T 3.2GHZ LGA1155,,,
7172,PROCESSADOR  I7-3770 3.40GHZ LGA 1155,,,
8806,PROCESSADOR  I7-4790 3.60GHZ LGA 1150,,,
15379,PROCESSADOR AMD RYZEN 3 3200G AM4,,,
17507,PROCESSADOR AMD RYZEN 7 1700 3.0GHZ AM4,,,
13281,PROCESSADOR AMD RYZEN 7 5800X 3.8GHZ,,,
15382,PROCESSADOR DUAL CORE G4400T 2.90GHZ,,,
15307,PROCESSADOR I3-10100 3.60GHZ LGA 1200,,,
9265,PROCESSADOR I3-10100 3.6GHZ LGA 1200,,,
12008,PROCESSADOR I3-10100F 3.6GHZ LGA 1200,,,
11389,PROCESSADOR I3-10105 3.7GHZ  LGA 1200,,,
11548,PROCESSADOR I3-10105 3.7GHZ LGA 1200,,,
12007,PROCESSADOR I3-10105F 3.70GHZ LGA1200,,,
17573,PROCESSADOR I3-10105F 4.40GHZ LGA1200,,,
17853,PROCESSADOR I3-10105T 3.00GHZ OEM,,,
11874,PROCESSADOR I3-12100 3.3GHZ LGA 1700,,,
15561,PROCESSADOR I3-12100 3.3GHZ LGA 1700,,,
14762,PROCESSADOR I3-12100F 3.3GHZ LGA1700,,,
15309,PROCESSADOR I3-13100 3.40GHZ 1700,,,
12581,PROCESSADOR I3-13100 3.4GHZ LGA 1700,,,
17430,PROCESSADOR I3-3225 3.30GHZ LGA1155,,,
4512,PROCESSADOR I3-4130 3.40GHZ LGA 1150,,,
7357,PROCESSADOR I3-4150  3.5GHZ LGA 1150,,,
7360,PROCESSADOR I3-550 3.2GHZ LGA1156,,,
15796,PROCESSADOR I3-6100T 3.20GHZ 1150 - OEM,,,
17431,PROCESSADOR I3-7100T 3.40GHZ LGA1151,,,
10493,PROCESSADOR I5-10400 2.9GHZ LGA 1200,,,
11682,PROCESSADOR I5-10500 3.10GHZ LGA 1200,,,
12381,PROCESSADOR I5-10505 3.2GHZ LGA 1200,,,
11234,PROCESSADOR I5-11400F 2.6GHZ LGA 1200,,,
15562,PROCESSADOR I5-12400 2.5GHZ  LGA1700,,,
17854,PROCESSADOR I5-12500T SRL5W OEM,,,
13818,PROCESSADOR I5-13400 2.50GHZ LGA 1700,,,
12582,PROCESSADOR I5-13400 2.5GHZ LGA 1700,,,
16045,PROCESSADOR I5-3470 3.2GHZ LGA1155,,,
13802,PROCESSADOR I5-3570 3.40GHZ LGA 1155,,,
14538,PROCESSADOR I5-4440 3.10GHZ LGA 1150,,,
14540,PROCESSADOR I5-4460 3.20GHZ LGA 1150,,,
8869,PROCESSADOR I5-4570 3.20GHZ LGA 1150,,,
4969,PROCESSADOR I5-4590 3.3GHZ LGA 1150,,,
13804,PROCESSADOR I5-4670 3.40GHZ LGA 1155,,,
13803,PROCESSADOR I5-4690 3.50GHZ LGA 1155,,,
17432,PROCESSADOR I5-6400 2.70GHZ LGA1151,,,
8961,PROCESSADOR I5-6500 3.2GHZ LGA 1151,,,
18923,PROCESSADOR I5-7400 3.0GHZ LGA 1151 OEM,,,
18131,PROCESSADOR I5-7500 3.4GHZ LGA1151,,,
11106,PROCESSADOR I5-8500 4.10GHZ LGA 1151,,,
17852,PROCESSADOR I5-8500T 2.10GHZ LGA1151,,,
18860,PROCESSADOR I5-8600K 3.60GHZ LGA1151 OEM,,,
18588,PROCESSADOR I7-10700F 2.90GHZ LGA,,,
11405,PROCESSADOR I7-11700 2.5GHZ LGA 1200,,,
18035,PROCESSADOR I7-11700K 3.6GHZ LGA1200,,,
11921,PROCESSADOR I7-12700 2.1GHZ LGA 1200,,,
15308,PROCESSADOR I7-12700 LGA 1700 3.6GHZ,,,
17005,PROCESSADOR I7-12700K 3.6GHZ LGA 1700,,,
16308,PROCESSADOR I7-14700K 3.40GHZ LGA 1700,,,
13832,PROCESSADOR I7-2600 3.40GHZ LGA 1155,,,
8758,PROCESSADOR I7-3770K 3.50GHZ LGA 1155,,,
14437,PROCESSADOR I7-4770 3.4GHZ LGA 1150 - SE,,,
16274,PROCESSADOR RYZEN 5 4500 3.6GHZ AM4,,,
17433,PROCESSADOR RYZEN 5 5500 3.6GHZ AM4,,,
17867,PROCESSADOR RYZEN 5 5500 3.6GHZ AM4,,,
15853,PROCESSADOR RYZEN 5 PRO 3400G 3.7GHZ,,,
15852,PROCESSADOR RYZEN 7 3700X 3.6GHZ,,,
15294,PROCESSADOR RYZEN 7 5700G 3.8GHZ AM4,,,
18599,PROCESSADOR RYZEN7 5700X 3.4GHZ AM4,,,
16854,PROJETOR BPC-1080P M18 5000 LUMENS PR/BR,,,
15415,PROJETOR DE LED 3500+ TAICON,,,
18496,PROJETOR ENTERPRISE 18 5000 LUMENS PR/BR,,,
17803,PROJETOR LED MULTIMIDIA KP-PJ007,,,
17700,PROJETOR MULTIMIDIA 100W MPR-5009,,,
12900,PROTETOR MONOVOLT 330VA MULTIFUNCIONAL N,,,
14079,PURIFICADOR DE AGUA - TORNEIRA AWP3751,,,
9791,"RACK 19"" 32U X 570 ACR SOLDA PISO",,,
13239,RACK PARA DVR CAIXA METALICA MINI FINE B,,,
4595,"RACK PARA SERVIDOR 19"" 06U X 470 ACR SOL",,,
6068,"RACK PARA SERVIDOR 19"" 12U X 470 ACR SOL",,,
9790,"RACK PARA SERVIDOR 19"" 24U X 570 ACR SOL",,,
17620,RADIO PORTATIL BLUETOOTH/USB D-BAG3,,,
17621,RADIO PORTATIL BLUETOOTH/USB D-BAG4,,,
12651,RECEPTOR DE TV VIVENSIS VX 10,,,
6918,RECEPTOR DUPLO IMMUNITY  433 MHZ A3037/D,,,
6919,RECEPTOR MONO IMMUNITY  433 MHZ A3037/QD,,,
18554,"REGISTRO P/ MAQUINA 1/2"" X 3/4 BOM-2249",,,
18710,REGISTRO P/VASO SANITARIO E PIA BOM-2015,,,
18113,RELOGIO DIGITAL DE MESA E PAREDE ZB-3001,,,
18114,RELOGIO DIGITAL DE PAREDE  ZB-3002,,,
18112,RELOGIO DIGITAL DESPERTADOR ZB-2001,,,
17861,RELOGIO SMARTWATCH REVENGER RG-W83,,,
17484,REPETIDOR DE SINAL WI-FI P/ WLAN KP-3005,,,
15637,REPETIDOR SINAL WI-FI 300MBPS KP-RW402/G,,,
14549,ROCADEIRA APARADOR GRAMABATERIA BOM-9110,,,
15803,RODO MOP DOBRAVEL OPA-Q021,,,
14906,ROTEADOR EXT AMPLIMAX FIT EPRL18 - DCR-E,,,
12223,ROTEADOR MR30G MERCUSYS AC1200 DUAL BAND,,,
1295,ROTEADOR P\ INTERNET A CABO DCM-604 BR D,,,
14564,ROTEADOR SINAL WI-FI 1000MBPS KP-RW403/G,,,
16295,ROTEADOR SINAL WI-FI 1000MBPS KP-RW403/M,,,
17228,ROTEADOR SINAL WI-FI 1200MBPS KP-RW406G,,,
17048,ROTEADOR TENDA AC10 WIREL 1200MBPS 4ANTE,,,
13457,ROTEADOR TP-LINK ONT GPON VOIP WIRELESS,,,
13970,S- PLACA M?E DESK H55 1156 G-HM55,,,
17562,S- SSD M.2 NVME 256GB NETAC N930E,,,
13745,S-ESTABILIZADOR BIVOLT 300VA TS SHARA 4T,,,
17916,S-FECHADURA DIGITALBIOMETRICA SIGMA-FE20,,,
14025,S-FONTE REAL KNUP KP-522 500W COM CABO,,,
14026,S-FONTE REAL KNUP KP-526 350W COM CABO,,,
16804,S-GABINETE K-MEX SLIM  GM-02CK PRETO,,,
16581,S-LEITOR USB CART?O  MEMORIA 16GB MC162,,,
14529,S-LEITOR USB CARTÃO  MEMORIA 32GB MC163,,,
14612,S-LEITOR USB CARTÃO  MEMORIA 64GB MC164,,,
15218,S-M.2 NVME 2TB KINGSPEC XG7000 PRO,,,
18315,S-MEMORIA 8GB DDR3 HAYOM 1600 MHZ,,,
17563,S-MEMORIA 8GB DDR4 BEAST FURY 3200MHZ,,,
18194,S-MINI GELADEIRA PORTATIL KP-RC02,,,
17919,"S-MONITOR 19"" LED FHD HQ190 HAOQING",,,
14035,"S-MONITOR LED 19"" ENTERPRISE 19EPR-BQ",,,
14282,S-MONITOR LED 19TRONOS TRS-HK19WY PRETO,,,
17552,"S-MONITOR LED 20"" IPS 75HZ AXPRO AX-20",,,
17526,"S-MONITOR LED 24"" IPS 75HZ AXPRO AX-24",,,
16291,S-MOUSE OPTICO COM FIO USB ACER EMW130,,,
16290,S-MOUSE OPTICO COM FIO USB ACER EMW214,,,
15312,S-NOBREAK TS 1400VA UNIVERSAL BIV 4513,,,
14528,S-PENDRIVE TWIST PRETO 64GB PD590 MULTIL,,,
13669,S-PLACA M?E DESK 1151 G-H110 KNUP,,,
17920,S-PLACA MAE DESK 1155 G-H61/S REALTEK,,,
14816,S-PLACA MAE DESK AM4 G-A520 (2XDDR4/1XHD,,,
15660,S-PLACA MAE DESK H610 LGA 1700 REVENGER,,,
14649,S-PLACA MAE G-H310 REVENGER DDR4 LGA1151,,,
15563,S-PLACA MAE H81BU HAOQUING  DDR3 LGA1150,,,
17216,S-PLACA MAE MSI DDR4 PRO H510M-B DUEX,,,
17999,S-PLACA VIDEO GT210 1GB DDR3 DELTA-GT210,,,
15524,S-SSD SATA 256GB HAOQUING SD12SMI-X550,,,
14212,S-TECLADO E MOUSE SEM FIO MULT TC270,,,
6909,SENSOR ATIVO  IR 15 COM ARTICULADOR A233,,,
18252,SERRA MARMORE 1200W 220V BOM-9550,,,
16096,SERRA TICO TICO 12V BOM-9718,,,
6903,SINALEIRA AUDIOVISUAL  LED MAXI A2310 IP,,,
10698,SMART TV BOX 4K ANDROID STV-3000 AQUARIO,,,
14734,SMART TV BOX 4K ANDROID STV-3000 PLUS,,,
18675,SMART TV BOX 4K TOMATE MCD-121,,,
15155,SMARTPRO 4KHD PROSB-3000/16GB WIFI,,,
17986,SOFA CAMA INFLAVEL DE ASSENTO MC-48,,,
18418,SOPRADOR AR PORTAIL 200W  BOM-9728,,,
16654,SOPRADOR ASPIRADOR ELETRIC 110V BOM-9587,,,
18023,SOUNDBAR MTS-2031 130W,,,
14778,SOUNDBAR+SUBWOOFER MTS-2037,,,
6474,SPLITTER HDMI 1 ENTRADA 2 SAIDAS KP-3471,,,
10732,SSD 240GB SATA 3.0 MASTERDRIVE,,,
18979,SSD 256GB SATA 3.0 MASTERDRIVE,,,
16047,"SSD 480GB 2.5"" SATA III 3D N535S NETAC",,,
13823,SSD KINGSTON 480 SA400 7MM LEITURA,,,
10793,SSD M.2 NVME 256GB ADATA SM2P32A8-256GB,,,
15875,SSD M.2 NVME 256GB HAWKING,,,
13172,SSD M.2 NVME 256GB LEXAR LNM620X,,,
17699,SSD M.2 NVME 256GB MACROVIP MVGLD/256GB,,,
17611,SSD M.2 NVME 256GB NETAC N930E,,,
11719,SSD M.2 NVME 256GB PATRIOT P300,,,
15187,SSD M.2 NVME 256GB PNY CS1031,,,
13741,SSD M.2 NVME 512GB KNUP KP-HD815 SN,,,
17474,SSD M.2 NVME MINI 256GB SMART,,,
16454,SSD M2  NVME CL4-8D256 256GB,,,
17081,SSD M2 NVME 512GB P300 PATRIOT 1000MB/S,,,
18298,SSD SATA 120GB DUEX BULK PACKING,,,
17226,SSD SATA 256GB HAOQING SD12SMI-X550,,,
17475,SSD SATA 256GB SMART,,,
15989,SSD SATA 512GB M.2  PCIE 3.0 HAWKING,,,
17083,SSD SATA 512GB M.2  PCIE 4.0 HAWKING,,,
17796,SSD SATA 512GB PATRIOT P210,,,
15742,"SUBWOOFER ATIVO 8"" 300W KP-SC503 KNUP",,,
14346,SUPORTE  NOTEBOOK UNIVERSAL PX-12,,,
15717,SUPORTE AUTOMOTIVO P SMARTPHONE OR-SP27,,,
18101,SUPORTE DE MESA P/MICROFONE MTG-133,,,
15723,SUPORTE ESTERILIZADORMULT ESCOVA OR-SP90,,,
18711,SUPORTE MAO FRANCESA 30CM BOM-2721,,,
11664,SUPORTE MESA PARA MONITOR LCD/LED ATE,,,
13269,"SUPORTE MONITOR AJUSTAVEL 17"" A 35"" DUPL",,,
18392,SUPORTE P/NOTEBOOK C/COOLER MTN-900,,,
12209,SUPORTE PARA MONITOR TIPO BASE MULTIFUNC,,,
17938,SUPORTE PARA NOTEBOOK OR-SP244,,,
18077,SUPORTE PARA NOTEBOOK OR-SP253,,,
13423,SUPORTE PARA PROJETOR DE TETO PRETO PIX,,,
14158,SUPORTE PARA ROCADEIRA BOM-9202,,,
13263,"SUPORTE TV FIXO UNIVERSAL 10""A 85"" PX-30",,,
15272,SUPORTE UNIV. TABLET E NOTEBOOK IMS-352,,,
17318,SUPORTE UNIVERSAL P/ SMARTPHONE OR-SP29,,,
18875,SUPORTE UNIVERSAL PARA CELULAR LE-016,,,
18069,SUPORTE VEICULAR P SMARTPHONES OR-SP03,,,
15271,SUPORTE VEICULAR UNIVERSAL IMS-339 IMENS,,,
1203,SWITCH DE MONITOR KVM 2 PORTAS SEM OS CA,,,
1216,SWITCH DE MONITOR KVM 4 PORTAS SEM OS CA,,,
17348,SWITCH HUB 5 PORTAS KP-E05A,,,
17451,SWITCH HUB 8 PORTAS 10/100MBPS KP-E08B,,,
17979,SWITCH IP-COM G3326P-24-410W GIGABIT 24P,,,
16699,SWITCH POE 16 PORTAS KP-PW003,,,
18154,TABLET A9+ X-210 4/64GB SAMSUNG,,,
18439,TABLET COM TECLADO BLUETOOTH E1038,,,
16984,TABLET REVENGER RG-TB08,,,
14616,TABLET REVENGER RG-TB10,,,
16822,TALHADEIRA FROMAO SDS PLUS BOM-1250,,,
15364,TECIDO DE MALHA AUTOADESIVO BOM-1319,,,
18866,TECLADO 5+ GAMER START2.0 PRETO/VERDE,,,
18800,TECLADO 5+ GAMER START2.0 PRETO/VERMELHO,,,
15427,TECLADO ABNT2 SK-6620 LED USB PR POS,,,
13675,TECLADO BASICO SLIM PRETO USB TC193 MULT,,,
16434,TECLADO C/ FIO LEDS INDICADORES KP-TE132,,,
18725,TECLADO C/FIO ABNT2 KAPBOM KA-691,,,
18401,TECLADO COM FIO KP-2002,,,
14001,TECLADO COM FIO KP-2060,,,
18402,TECLADO COM FIO KP-TE151,,,
18372,TECLADO E MOUSE KP-TE118 KNUP,,,
18375,TECLADO E MOUSE KP-TE127 KNUP,,,
17198,TECLADO E MOUSE SEM FIO KP-TE134,,,
18195,TECLADO E MOUSE USB GAMER LED KP-2054,,,
17863,TECLADO GAMER COM FIO KP-TE125,,,
15130,TECLADO GAMER FLAKES POWERBATTLE FLKT001,,,
16551,TECLADO GAMER MECANICO COM FIO KP-TE121,,,
15314,TECLADO GAMER USB ILUMI RGB KP-2043/A,,,
13631,TECLADO MULTIMIDIA KM3928U C/ LOGO NINJA,,,
13048,TECLADO SEM FIO BLUETOOH MULTIMIDIA K-BT,,,
14257,TECLADO SEM FIO C TOUCHPAD K-WT200,,,
17233,TECLADO SEM FIO COM MOUSE KP-2012,,,
18063,TECLADO SEM FIO KP-2048,,,
15580,TECLADO SEM FIO MULTIMIDIA IMS-951,,,
17457,TECLADO TT E SPORTS POSEIDON Z RGB BROWN,,,
17707,TECLADO USB BPC-L8701 PRETO PERFIL BAIXO,,,
17603,TECLADO USB LED RGB KP-TE114,,,
17000,TECLADO USBC/FIO TECLASGAMERUSB KP-2034A,,,
15499,"TELA LED 55"" TRONOS SMART TR55SFA11B",,,
4977,TELA LED SLIM 15.6  NT156WHM-N42 30 PINO,,,
14832,TELA SMART LED 50 TRONOS TRS-50SFA11B,,,
16436,TENDA/BARRACA CAMPING POLIESTER LB-HW001,,,
16437,TENDA/BARRACA CAMPING POLIESTER LB-HW002,,,
16438,TENDA/BARRACA CAMPING POLIESTER LB-HW003,,,
16441,TENDA/BARRACA CAMPING POLIESTER LB-HW004,,,
15336,TERMINAL ILHOS 1900PCS BOM-5521,,,
13456,TERMINAL TP-LINK  XZ000-G7 XPON ONU 1 PO,,,
6110,TERMOMETRO DIGITAL DE TESTA MR868 INFRAV,,,
18565,TESOURA DE PODAR JARDIM 8 BOM-1055,,,
14478,TESOURA PARA CORTE DE CHAPA BOM-3305,,,
15159,TESTADOR DE CABO REDE E TEL BOM-6802,,,
9725,TESTADOR DE CABOS MULTIF RJ11/RJ45 M0002,,,
1208,TONER COMPATIVEL BROTHER LBTN2370/TN2370,,,
13951,TONER COMPATIVEL COM PD219,,,
1092,TONER COMPATIVEL LASERJET PRO CF218A,,,
4701,TONER COMPATIVEL PRETO CF217A COM CHIP,,,
13453,TONER PANTUM PD-219 1.6K P2509/P2509W/M6,,,
18556,"TORNEIRA REGISTRO DE ESFERA 1/2""BOM-2254",,,
18557,"TORNEIRA REGISTRO DE ESFERA 3/4""BOM-2256",,,
18555,TORNEIRA REGISTRO DUPLO BOM-2251,,,
16653,TRANSFORMADOR 2000VA BIVOLT BOM-9303,,,
16665,TRANSFORMADOR 3000VA BIVOLT BOM-9304,,,
17598,TRANSMISSOR HDMI KP-AW180,,,
17597,TRANSMISSOR HDMI KP-AW181,,,
18448,TRENA DIGITAL NIVEL A LASER BOM-6540,,,
18414,TRENA DIGITAL NIVEL A LASER BOM-6543,,,
18066,TRIPE PARA SMARTPHONE OR-9928,,,
17904,TV 43 POL FHD ROKU MULTI - TL056M,,,
15961,ULTRA LENS 15PRO/15 PRO MAX CRYSTAL,,,
15964,ULTRA XTREME + MAGSAFE AZUL 15 PRO MAX,,,
14194,ULTRA XTREME + MAGSAFE ROSA 15 PRO MAX,,,
15965,ULTRA XTREME + MAGSAFE ROXO 15 PRO MAX,,,
18108,VOLANTE DE CORRIDA C/ PEDAIS  MGV-A002,,,
13624,WATERCOOLER WAC4 2400MM PRETO ARGB,,,
13623,WATERCOOLER WAC6 2400MM PRETO INTE/AMD,,,
14417,WATERCOOLER WAC8 240MM INFIN.SPACE BRANC,,,
15553,WATERCOOLER WACO 360MM PRETO 3 FANS,,,
16344,WEBCAM 4MP USB PRETO SIGMA-W640A,,,
